"","Region","State"
"1","Abbeville County","South Carolina"
"2","Acadia County","Louisiana"
"3","Accomack County","Virginia"
"4","Ada County","Idaho"
"5","Adair County","Iowa"
"6","Adams County","Colorado"
"7","Addison County","Vermont"
"8","Aiken County","South Carolina"
"9","Aitkin County","Minnesota"
"10","Alachua County","Florida"
"11","Alamance County","North Carolina"
"12","Alameda County","California"
"13","Alamosa County","Colorado"
"14","Albany County","New York"
"15","Albemarle County","Virginia"
"16","Alcona County","Michigan"
"17","Alcorn County","Mississippi"
"18","Alexander County","Illinois"
"19","Alexandria city","Virginia"
"20","Alger County","Michigan"
"21","Allamakee County","Iowa"
"22","Allegan County","Michigan"
"23","Allegany County","Maryland"
"24","Alleghany County","North Carolina"
"25","Allegheny County","Pennsylvania"
"26","Allen County","Indiana"
"27","Allendale County","South Carolina"
"28","Alpena County","Michigan"
"29","Amador County","California"
"30","Amelia County","Virginia"
"31","Amherst County","Virginia"
"32","Amite County","Mississippi"
"33","Anderson County","Kansas"
"34","Andrew County","Missouri"
"35","Andrews County","Texas"
"36","Androscoggin County","Maine"
"37","Angelina County","Texas"
"38","Anne Arundel County","Maryland"
"39","Anoka County","Minnesota"
"40","Anson County","North Carolina"
"41","Antrim County","Michigan"
"42","Apache County","Arizona"
"43","Appanoose County","Iowa"
"44","Appling County","Georgia"
"45","Appomattox County","Virginia"
"46","Aransas County","Texas"
"47","Arapahoe County","Colorado"
"48","Archer County","Texas"
"49","Archuleta County","Colorado"
"50","Arenac County","Michigan"
"51","Arkansas County","Arkansas"
"52","Arlington County","Virginia"
"53","Armstrong County","Pennsylvania"
"54","Aroostook County","Maine"
"55","Ascension County","Louisiana"
"56","Ashe County","North Carolina"
"57","Ashland County","Ohio"
"58","Ashley County","Arkansas"
"59","Ashtabula County","Ohio"
"60","Asotin County","Washington"
"61","Assumption County","Louisiana"
"62","Atascosa County","Texas"
"63","Atchison County","Kansas"
"64","Athens County","Ohio"
"65","Atkinson County","Georgia"
"66","Atlantic County","New Jersey"
"67","Atoka County","Oklahoma"
"68","Attala County","Mississippi"
"69","Audrain County","Missouri"
"70","Audubon County","Iowa"
"71","Auglaize County","Ohio"
"72","Augusta County","Virginia"
"73","Austin County","Texas"
"74","Autauga County","Alabama"
"75","Avery County","North Carolina"
"76","Avoyelles County","Louisiana"
"77","Bacon County","Georgia"
"78","Bailey County","Texas"
"79","Baker County","Florida"
"80","Baldwin County","Alabama"
"81","Ballard County","Kentucky"
"82","Baltimore","Maryland"
"83","Baltimore County","Maryland"
"84","Bamberg County","South Carolina"
"85","Bandera County","Texas"
"86","Banks County","Georgia"
"87","Bannock County","Idaho"
"88","Baraga County","Michigan"
"89","Barbour County","Alabama"
"90","Barnes County","North Dakota"
"91","Barnstable County","Massachusetts"
"92","Barnwell County","South Carolina"
"93","Barren County","Kentucky"
"94","Barron County","Wisconsin"
"95","Barrow County","Georgia"
"96","Barry County","Michigan"
"97","Bartholomew County","Indiana"
"98","Barton County","Kansas"
"99","Bartow County","Georgia"
"100","Bastrop County","Texas"
"101","Bates County","Missouri"
"102","Bath County","Kentucky"
"103","Baxter County","Arkansas"
"104","Bay County","Florida"
"105","Bayfield County","Wisconsin"
"106","Beadle County","South Dakota"
"107","Bear Lake County","Idaho"
"108","Beaufort County","North Carolina"
"109","Beauregard County","Louisiana"
"110","Beaver County","Pennsylvania"
"111","Beaverhead County","Montana"
"112","Becker County","Minnesota"
"113","Beckham County","Oklahoma"
"114","Bedford County","Pennsylvania"
"115","Bee County","Texas"
"116","Belknap County","New Hampshire"
"117","Bell County","Kentucky"
"118","Belmont County","Ohio"
"119","Beltrami County","Minnesota"
"120","Ben Hill County","Georgia"
"121","Benewah County","Idaho"
"122","Bennington County","Vermont"
"123","Benton County","Arkansas"
"124","Benzie County","Michigan"
"125","Bergen County","New Jersey"
"126","Berkeley County","South Carolina"
"127","Berks County","Pennsylvania"
"128","Berkshire County","Massachusetts"
"129","Bernalillo County","New Mexico"
"130","Berrien County","Georgia"
"131","Bertie County","North Carolina"
"132","Bexar County","Texas"
"133","Bibb County","Alabama"
"134","Bienville County","Louisiana"
"135","Big Horn County","Montana"
"136","Big Stone County","Minnesota"
"137","Bingham County","Idaho"
"138","Black Hawk County","Iowa"
"139","Blackford County","Indiana"
"140","Bladen County","North Carolina"
"141","Blaine County","Idaho"
"142","Blair County","Pennsylvania"
"143","Blanco County","Texas"
"144","Bland County","Virginia"
"145","Bleckley County","Georgia"
"146","Bledsoe County","Tennessee"
"147","Blount County","Alabama"
"148","Blue Earth County","Minnesota"
"149","Boise County","Idaho"
"150","Bolivar County","Mississippi"
"151","Bollinger County","Missouri"
"152","Bon Homme County","South Dakota"
"153","Bond County","Illinois"
"154","Bonner County","Idaho"
"155","Bonneville County","Idaho"
"156","Boone County","Arkansas"
"157","Bosque County","Texas"
"158","Bossier County","Louisiana"
"159","Botetourt County","Virginia"
"160","Bottineau County","North Dakota"
"161","Boulder County","Colorado"
"162","Boundary County","Idaho"
"163","Bourbon County","Kansas"
"164","Bowie County","Texas"
"165","Box Butte County","Nebraska"
"166","Box Elder County","Utah"
"167","Boyd County","Kentucky"
"168","Boyle County","Kentucky"
"169","Bracken County","Kentucky"
"170","Bradford County","Florida"
"171","Bradley County","Arkansas"
"172","Branch County","Michigan"
"173","Brantley County","Georgia"
"174","Braxton County","West Virginia"
"175","Brazoria County","Texas"
"176","Brazos County","Texas"
"177","Breathitt County","Kentucky"
"178","Breckinridge County","Kentucky"
"179","Bremer County","Iowa"
"180","Brevard County","Florida"
"181","Brewster County","Texas"
"182","Bristol city","Virginia"
"183","Bristol County","Massachusetts"
"184","Broadwater County","Montana"
"185","Bronx County","New York"
"186","Brooke County","West Virginia"
"187","Brookings County","South Dakota"
"188","Brooks County","Georgia"
"189","Broome County","New York"
"190","Broomfield County","Colorado"
"191","Broward County","Florida"
"192","Brown County","Indiana"
"193","Brule County","South Dakota"
"194","Brunswick County","North Carolina"
"195","Bryan County","Georgia"
"196","Buchanan County","Iowa"
"197","Buckingham County","Virginia"
"198","Bucks County","Pennsylvania"
"199","Buena Vista city","Virginia"
"200","Buena Vista County","Iowa"
"201","Buffalo County","Nebraska"
"202","Bullitt County","Kentucky"
"203","Bulloch County","Georgia"
"204","Bullock County","Alabama"
"205","Buncombe County","North Carolina"
"206","Bureau County","Illinois"
"207","Burke County","Georgia"
"208","Burleigh County","North Dakota"
"209","Burleson County","Texas"
"210","Burlington County","New Jersey"
"211","Burnet County","Texas"
"212","Burnett County","Wisconsin"
"213","Burt County","Nebraska"
"214","Butler County","Alabama"
"215","Butte County","California"
"216","Butts County","Georgia"
"217","Cabarrus County","North Carolina"
"218","Cabell County","West Virginia"
"219","Cache County","Utah"
"220","Caddo County","Louisiana"
"221","Calaveras County","California"
"222","Calcasieu County","Louisiana"
"223","Caldwell County","Kentucky"
"224","Caledonia County","Vermont"
"225","Calhoun County","Alabama"
"226","Callahan County","Texas"
"227","Callaway County","Missouri"
"228","Calloway County","Kentucky"
"229","Calumet County","Wisconsin"
"230","Calvert County","Maryland"
"231","Cambria County","Pennsylvania"
"232","Camden County","Georgia"
"233","Cameron County","Louisiana"
"234","Camp County","Texas"
"235","Campbell County","Kentucky"
"236","Canadian County","Oklahoma"
"237","Candler County","Georgia"
"238","Cannon County","Tennessee"
"239","Canyon County","Idaho"
"240","Cape Girardeau County","Missouri"
"241","Cape May County","New Jersey"
"242","Carbon County","Montana"
"243","Caribou County","Idaho"
"244","Carlton County","Minnesota"
"245","Caroline County","Maryland"
"246","Carroll County","Arkansas"
"247","Carson City","Nevada"
"248","Carson County","Texas"
"249","Carter County","Kentucky"
"250","Carteret County","North Carolina"
"251","Carver County","Minnesota"
"252","Cascade County","Montana"
"253","Casey County","Kentucky"
"254","Cass County","Illinois"
"255","Cassia County","Idaho"
"256","Castro County","Texas"
"257","Caswell County","North Carolina"
"258","Catahoula County","Louisiana"
"259","Catawba County","North Carolina"
"260","Catoosa County","Georgia"
"261","Cattaraugus County","New York"
"262","Cayuga County","New York"
"263","Cecil County","Maryland"
"264","Cedar County","Iowa"
"265","Centre County","Pennsylvania"
"266","Cerro Gordo County","Iowa"
"267","Chaffee County","Colorado"
"268","Chambers County","Alabama"
"269","Champaign County","Illinois"
"270","Chariton County","Missouri"
"271","Charles City County","Virginia"
"272","Charles County","Maryland"
"273","Charles Mix County","South Dakota"
"274","Charleston County","South Carolina"
"275","Charlevoix County","Michigan"
"276","Charlotte County","Florida"
"277","Charlottesville city","Virginia"
"278","Charlton County","Georgia"
"279","Chatham County","Georgia"
"280","Chattahoochee County","Georgia"
"281","Chattooga County","Georgia"
"282","Chautauqua County","New York"
"283","Chaves County","New Mexico"
"284","Cheatham County","Tennessee"
"285","Cheboygan County","Michigan"
"286","Chelan County","Washington"
"287","Chemung County","New York"
"288","Chenango County","New York"
"289","Cherokee County","Alabama"
"290","Cherry County","Nebraska"
"291","Chesapeake city","Virginia"
"292","Cheshire County","New Hampshire"
"293","Chester County","Pennsylvania"
"294","Chesterfield County","South Carolina"
"295","Cheyenne County","Nebraska"
"296","Chickasaw County","Iowa"
"297","Chicot County","Arkansas"
"298","Childress County","Texas"
"299","Chilton County","Alabama"
"300","Chippewa County","Michigan"
"301","Chisago County","Minnesota"
"302","Chittenden County","Vermont"
"303","Choctaw County","Alabama"
"304","Chowan County","North Carolina"
"305","Christian County","Illinois"
"306","Churchill County","Nevada"
"307","Cibola County","New Mexico"
"308","Citrus County","Florida"
"309","Clackamas County","Oregon"
"310","Claiborne County","Louisiana"
"311","Clallam County","Washington"
"312","Clare County","Michigan"
"313","Clarendon County","South Carolina"
"314","Clarion County","Pennsylvania"
"315","Clark County","Arkansas"
"316","Clarke County","Alabama"
"317","Clatsop County","Oregon"
"318","Clay County","Alabama"
"319","Clayton County","Georgia"
"320","Clear Creek County","Colorado"
"321","Clearfield County","Pennsylvania"
"322","Clearwater County","Idaho"
"323","Cleburne County","Alabama"
"324","Clermont County","Ohio"
"325","Cleveland County","Arkansas"
"326","Clinch County","Georgia"
"327","Clinton County","Illinois"
"328","Cloud County","Kansas"
"329","Coahoma County","Mississippi"
"330","Coal County","Oklahoma"
"331","Cobb County","Georgia"
"332","Cochise County","Arizona"
"333","Cocke County","Tennessee"
"334","Coconino County","Arizona"
"335","Codington County","South Dakota"
"336","Coffee County","Alabama"
"337","Coffey County","Kansas"
"338","Coke County","Texas"
"339","Colbert County","Alabama"
"340","Cole County","Missouri"
"341","Coleman County","Texas"
"342","Coles County","Illinois"
"343","Colfax County","Nebraska"
"344","Colleton County","South Carolina"
"345","Collier County","Florida"
"346","Collin County","Texas"
"347","Colonial Heights city","Virginia"
"348","Colorado County","Texas"
"349","Colquitt County","Georgia"
"350","Columbia County","Arkansas"
"351","Columbiana County","Ohio"
"352","Columbus County","North Carolina"
"353","Colusa County","California"
"354","Comal County","Texas"
"355","Comanche County","Oklahoma"
"356","Concordia County","Louisiana"
"357","Conecuh County","Alabama"
"358","Conejos County","Colorado"
"359","Contra Costa County","California"
"360","Converse County","Wyoming"
"361","Conway County","Arkansas"
"362","Cook County","Georgia"
"363","Cooke County","Texas"
"364","Cooper County","Missouri"
"365","Coos County","New Hampshire"
"366","Coosa County","Alabama"
"367","Copiah County","Mississippi"
"368","Cortland County","New York"
"369","Coryell County","Texas"
"370","Coshocton County","Ohio"
"371","Cotton County","Oklahoma"
"372","Cottonwood County","Minnesota"
"373","Covington city","Virginia"
"374","Covington County","Alabama"
"375","Coweta County","Georgia"
"376","Cowley County","Kansas"
"377","Cowlitz County","Washington"
"378","Craig County","Oklahoma"
"379","Craighead County","Arkansas"
"380","Crane County","Texas"
"381","Craven County","North Carolina"
"382","Crawford County","Arkansas"
"383","Creek County","Oklahoma"
"384","Crenshaw County","Alabama"
"385","Crisp County","Georgia"
"386","Crittenden County","Arkansas"
"387","Crockett County","Tennessee"
"388","Crook County","Oregon"
"389","Crosby County","Texas"
"390","Cross County","Arkansas"
"391","Crow Wing County","Minnesota"
"392","Culberson County","Texas"
"393","Cullman County","Alabama"
"394","Culpeper County","Virginia"
"395","Cumberland County","Illinois"
"396","Cuming County","Nebraska"
"397","Currituck County","North Carolina"
"398","Curry County","New Mexico"
"399","Custer County","Montana"
"400","Cuyahoga County","Ohio"
"401","Dade County","Georgia"
"402","Dakota County","Minnesota"
"403","Dale County","Alabama"
"404","Dallam County","Texas"
"405","Dallas County","Alabama"
"406","Dane County","Wisconsin"
"407","Danville city","Virginia"
"408","Dare County","North Carolina"
"409","Darke County","Ohio"
"410","Darlington County","South Carolina"
"411","Dauphin County","Pennsylvania"
"412","Davidson County","North Carolina"
"413","Davie County","North Carolina"
"414","Daviess County","Indiana"
"415","Davis County","Iowa"
"416","Davison County","South Dakota"
"417","Dawes County","Nebraska"
"418","Dawson County","Georgia"
"419","De Soto County","Louisiana"
"420","De Witt County","Illinois"
"421","Deaf Smith County","Texas"
"422","Dearborn County","Indiana"
"423","Decatur County","Georgia"
"424","Deer Lodge County","Montana"
"425","Defiance County","Ohio"
"426","DeKalb County","Alabama"
"427","Del Norte County","California"
"428","Delaware County","Indiana"
"429","Delta County","Colorado"
"430","Dent County","Missouri"
"431","Denton County","Texas"
"432","Denver County","Colorado"
"433","Des Moines County","Iowa"
"434","Deschutes County","Oregon"
"435","Desha County","Arkansas"
"436","DeSoto County","Florida"
"437","Deuel County","Nebraska"
"438","Dewey County","South Dakota"
"439","DeWitt County","Texas"
"440","Dickenson County","Virginia"
"441","Dickinson County","Iowa"
"442","Dickson County","Tennessee"
"443","Dillon County","South Carolina"
"444","Dimmit County","Texas"
"445","Dinwiddie County","Virginia"
"446","Dixie County","Florida"
"447","Dixon County","Nebraska"
"448","Dodge County","Georgia"
"449","Dona Ana County","New Mexico"
"450","Doniphan County","Kansas"
"451","Donley County","Texas"
"452","Dooly County","Georgia"
"453","Door County","Wisconsin"
"454","Dorchester County","Maryland"
"455","Dougherty County","Georgia"
"456","Douglas County","Colorado"
"457","Drew County","Arkansas"
"458","Dubois County","Indiana"
"459","Dubuque County","Iowa"
"460","Duchesne County","Utah"
"461","Dukes County","Massachusetts"
"462","Dunklin County","Missouri"
"463","Dunn County","North Dakota"
"464","DuPage County","Illinois"
"465","Duplin County","North Carolina"
"466","Durham County","North Carolina"
"467","Dutchess County","New York"
"468","Duval County","Florida"
"469","Dyer County","Tennessee"
"470","Eagle County","Colorado"
"471","Early County","Georgia"
"472","East Baton Rouge County","Louisiana"
"473","East Feliciana County","Louisiana"
"474","Eastland County","Texas"
"475","Eaton County","Michigan"
"476","Eau Claire County","Wisconsin"
"477","Ector County","Texas"
"478","Eddy County","New Mexico"
"479","Edgar County","Illinois"
"480","Edgecombe County","North Carolina"
"481","Edgefield County","South Carolina"
"482","Edmonson County","Kentucky"
"483","Edwards County","Illinois"
"484","Effingham County","Georgia"
"485","El Dorado County","California"
"486","El Paso County","Colorado"
"487","Elbert County","Colorado"
"488","Elk County","Pennsylvania"
"489","Elkhart County","Indiana"
"490","Elko County","Nevada"
"491","Ellis County","Kansas"
"492","Ellsworth County","Kansas"
"493","Elmore County","Alabama"
"494","Emanuel County","Georgia"
"495","Emery County","Utah"
"496","Emmet County","Iowa"
"497","Emporia city","Virginia"
"498","Erath County","Texas"
"499","Erie County","New York"
"500","Escambia County","Alabama"
"501","Essex County","Massachusetts"
"502","Estill County","Kentucky"
"503","Etowah County","Alabama"
"504","Evangeline County","Louisiana"
"505","Evans County","Georgia"
"506","Fairfax city","Virginia"
"507","Fairfax County","Virginia"
"508","Fairfield County","Connecticut"
"509","Fall River County","South Dakota"
"510","Falls Church city","Virginia"
"511","Falls County","Texas"
"512","Fannin County","Georgia"
"513","Faribault County","Minnesota"
"514","Faulkner County","Arkansas"
"515","Fauquier County","Virginia"
"516","Fayette County","Alabama"
"517","Fentress County","Tennessee"
"518","Fergus County","Montana"
"519","Ferry County","Washington"
"520","Fillmore County","Minnesota"
"521","Finney County","Kansas"
"522","Flagler County","Florida"
"523","Flathead County","Montana"
"524","Fleming County","Kentucky"
"525","Florence County","South Carolina"
"526","Floyd County","Georgia"
"527","Fluvanna County","Virginia"
"528","Fond du Lac County","Wisconsin"
"529","Ford County","Illinois"
"530","Forest County","Wisconsin"
"531","Forrest County","Mississippi"
"532","Forsyth County","Georgia"
"533","Fort Bend County","Texas"
"534","Fountain County","Indiana"
"535","Franklin city","Virginia"
"536","Franklin County","Alabama"
"537","Frederick County","Maryland"
"538","Fredericksburg city","Virginia"
"539","Freeborn County","Minnesota"
"540","Freestone County","Texas"
"541","Fremont County","Colorado"
"542","Fresno County","California"
"543","Frio County","Texas"
"544","Fulton County","Arkansas"
"545","Gadsden County","Florida"
"546","Gage County","Nebraska"
"547","Gaines County","Texas"
"548","Galax city","Virginia"
"549","Gallatin County","Kentucky"
"550","Gallia County","Ohio"
"551","Galveston County","Texas"
"552","Garfield County","Colorado"
"553","Garland County","Arkansas"
"554","Garrard County","Kentucky"
"555","Garrett County","Maryland"
"556","Garvin County","Oklahoma"
"557","Garza County","Texas"
"558","Gasconade County","Missouri"
"559","Gaston County","North Carolina"
"560","Gates County","North Carolina"
"561","Geary County","Kansas"
"562","Geauga County","Ohio"
"563","Gem County","Idaho"
"564","Genesee County","Michigan"
"565","Geneva County","Alabama"
"566","Gentry County","Missouri"
"567","George County","Mississippi"
"568","Georgetown County","South Carolina"
"569","Gibson County","Indiana"
"570","Gila County","Arizona"
"571","Gilchrist County","Florida"
"572","Giles County","Tennessee"
"573","Gillespie County","Texas"
"574","Gilmer County","Georgia"
"575","Gilpin County","Colorado"
"576","Glacier County","Montana"
"577","Glades County","Florida"
"578","Gladwin County","Michigan"
"579","Glenn County","California"
"580","Gloucester County","New Jersey"
"581","Glynn County","Georgia"
"582","Gogebic County","Michigan"
"583","Goliad County","Texas"
"584","Gonzales County","Texas"
"585","Goochland County","Virginia"
"586","Goodhue County","Minnesota"
"587","Gooding County","Idaho"
"588","Gordon County","Georgia"
"589","Goshen County","Wyoming"
"590","Grady County","Georgia"
"591","Grafton County","New Hampshire"
"592","Graham County","Arizona"
"593","Grainger County","Tennessee"
"594","Grand County","Colorado"
"595","Grand Forks County","North Dakota"
"596","Grand Isle County","Vermont"
"597","Grand Traverse County","Michigan"
"598","Grant County","Arkansas"
"599","Granville County","North Carolina"
"600","Gratiot County","Michigan"
"601","Graves County","Kentucky"
"602","Gray County","Texas"
"603","Grays Harbor County","Washington"
"604","Grayson County","Kentucky"
"605","Green County","Kentucky"
"606","Green Lake County","Wisconsin"
"607","Greenbrier County","West Virginia"
"608","Greene County","Alabama"
"609","Greenlee County","Arizona"
"610","Greensville County","Virginia"
"611","Greenup County","Kentucky"
"612","Greenville County","South Carolina"
"613","Greenwood County","Kansas"
"614","Greer County","Oklahoma"
"615","Gregg County","Texas"
"616","Grenada County","Mississippi"
"617","Grimes County","Texas"
"618","Grundy County","Illinois"
"619","Guadalupe County","New Mexico"
"620","Guernsey County","Ohio"
"621","Guilford County","North Carolina"
"622","Gulf County","Florida"
"623","Gunnison County","Colorado"
"624","Guthrie County","Iowa"
"625","Gwinnett County","Georgia"
"626","Habersham County","Georgia"
"627","Hale County","Alabama"
"628","Halifax County","North Carolina"
"629","Hall County","Georgia"
"630","Hamblen County","Tennessee"
"631","Hamilton County","Florida"
"632","Hamlin County","South Dakota"
"633","Hampden County","Massachusetts"
"634","Hampshire County","Massachusetts"
"635","Hampton city","Virginia"
"636","Hampton County","South Carolina"
"637","Hancock County","Georgia"
"638","Hanover County","Virginia"
"639","Haralson County","Georgia"
"640","Hardee County","Florida"
"641","Hardeman County","Tennessee"
"642","Hardin County","Iowa"
"643","Hardy County","West Virginia"
"644","Harford County","Maryland"
"645","Harlan County","Kentucky"
"646","Harnett County","North Carolina"
"647","Harney County","Oregon"
"648","Harper County","Kansas"
"649","Harris County","Georgia"
"650","Harrison County","Indiana"
"651","Harrisonburg city","Virginia"
"652","Hart County","Georgia"
"653","Hartford County","Connecticut"
"654","Hartley County","Texas"
"655","Harvey County","Kansas"
"656","Haskell County","Oklahoma"
"657","Hawaii County","Hawaii"
"658","Hawkins County","Tennessee"
"659","Hays County","Texas"
"660","Haywood County","North Carolina"
"661","Heard County","Georgia"
"662","Hempstead County","Arkansas"
"663","Henderson County","Illinois"
"664","Hendricks County","Indiana"
"665","Hendry County","Florida"
"666","Hennepin County","Minnesota"
"667","Henrico County","Virginia"
"668","Henry County","Alabama"
"669","Herkimer County","New York"
"670","Hernando County","Florida"
"671","Hertford County","North Carolina"
"672","Hickman County","Tennessee"
"673","Hickory County","Missouri"
"674","Hidalgo County","New Mexico"
"675","Highland County","Ohio"
"676","Highlands County","Florida"
"677","Hill County","Montana"
"678","Hillsborough County","Florida"
"679","Hillsdale County","Michigan"
"680","Hinds County","Mississippi"
"681","Hocking County","Ohio"
"682","Hockley County","Texas"
"683","Hoke County","North Carolina"
"684","Holmes County","Florida"
"685","Holt County","Nebraska"
"686","Honolulu County","Hawaii"
"687","Hood County","Texas"
"688","Hood River County","Oregon"
"689","Hopewell city","Virginia"
"690","Hopkins County","Kentucky"
"691","Horry County","South Carolina"
"692","Hot Spring County","Arkansas"
"693","Hot Springs County","Wyoming"
"694","Houghton County","Michigan"
"695","Houston County","Alabama"
"696","Howard County","Arkansas"
"697","Howell County","Missouri"
"698","Hubbard County","Minnesota"
"699","Hudson County","New Jersey"
"700","Huerfano County","Colorado"
"701","Hughes County","Oklahoma"
"702","Humboldt County","California"
"703","Humphreys County","Mississippi"
"704","Hunt County","Texas"
"705","Hunterdon County","New Jersey"
"706","Huntingdon County","Pennsylvania"
"707","Huntington County","Indiana"
"708","Huron County","Michigan"
"709","Hutchinson County","South Dakota"
"710","Iberia County","Louisiana"
"711","Iberville County","Louisiana"
"712","Ida County","Iowa"
"713","Idaho County","Idaho"
"714","Imperial County","California"
"715","Independence County","Arkansas"
"716","Indian River County","Florida"
"717","Indiana County","Pennsylvania"
"718","Ingham County","Michigan"
"719","Inyo County","California"
"720","Iowa County","Iowa"
"721","Iroquois County","Illinois"
"722","Irwin County","Georgia"
"723","Isabella County","Michigan"
"724","Isanti County","Minnesota"
"725","Island County","Washington"
"726","Isle of Wight County","Virginia"
"727","Itasca County","Minnesota"
"728","Itawamba County","Mississippi"
"729","Izard County","Arkansas"
"730","Jack County","Texas"
"731","Jackson County","Alabama"
"732","James City County","Virginia"
"733","Jasper County","Georgia"
"734","Jay County","Indiana"
"735","Jeff Davis County","Georgia"
"736","Jefferson County","Alabama"
"737","Jefferson Davis County","Louisiana"
"738","Jenkins County","Georgia"
"739","Jennings County","Indiana"
"740","Jerome County","Idaho"
"741","Jersey County","Illinois"
"742","Jessamine County","Kentucky"
"743","Jim Hogg County","Texas"
"744","Jim Wells County","Texas"
"745","Jo Daviess County","Illinois"
"746","Johnson County","Arkansas"
"747","Johnston County","North Carolina"
"748","Jones County","Georgia"
"749","Josephine County","Oregon"
"750","Juab County","Utah"
"751","Juneau County","Wisconsin"
"752","Juniata County","Pennsylvania"
"753","Kalamazoo County","Michigan"
"754","Kalkaska County","Michigan"
"755","Kanabec County","Minnesota"
"756","Kanawha County","West Virginia"
"757","Kandiyohi County","Minnesota"
"758","Kane County","Illinois"
"759","Kankakee County","Illinois"
"760","Karnes County","Texas"
"761","Kauai County","Hawaii"
"762","Kaufman County","Texas"
"763","Kay County","Oklahoma"
"764","Kearney County","Nebraska"
"765","Keith County","Nebraska"
"766","Kemper County","Mississippi"
"767","Kenai Peninsula Borough","Alaska"
"768","Kendall County","Illinois"
"769","Kennebec County","Maine"
"770","Kenosha County","Wisconsin"
"771","Kent County","Delaware"
"772","Kenton County","Kentucky"
"773","Keokuk County","Iowa"
"774","Kern County","California"
"775","Kerr County","Texas"
"776","Kershaw County","South Carolina"
"777","Kewaunee County","Wisconsin"
"778","Kimball County","Nebraska"
"779","Kimble County","Texas"
"780","King and Queen County","Virginia"
"781","King County","Washington"
"782","King George County","Virginia"
"783","King William County","Virginia"
"784","Kingfisher County","Oklahoma"
"785","Kingman County","Kansas"
"786","Kings County","California"
"787","Kingsbury County","South Dakota"
"788","Kiowa County","Oklahoma"
"789","Kit Carson County","Colorado"
"790","Kitsap County","Washington"
"791","Kittitas County","Washington"
"792","Klamath County","Oregon"
"793","Kleberg County","Texas"
"794","Klickitat County","Washington"
"795","Knott County","Kentucky"
"796","Knox County","Illinois"
"797","Koochiching County","Minnesota"
"798","Kootenai County","Idaho"
"799","Kosciusko County","Indiana"
"800","Kossuth County","Iowa"
"801","La Crosse County","Wisconsin"
"802","La Paz County","Arizona"
"803","La Plata County","Colorado"
"804","La Salle County","Louisiana"
"805","Labette County","Kansas"
"806","Lac qui Parle County","Minnesota"
"807","Lackawanna County","Pennsylvania"
"808","Laclede County","Missouri"
"809","Lafayette County","Florida"
"810","Lafourche County","Louisiana"
"811","LaGrange County","Indiana"
"812","Lake County","California"
"813","Lake of the Woods County","Minnesota"
"814","Lamar County","Alabama"
"815","Lamb County","Texas"
"816","Lamoille County","Vermont"
"817","Lampasas County","Texas"
"818","Lancaster County","Nebraska"
"819","Lander County","Nevada"
"820","Lane County","Oregon"
"821","Langlade County","Wisconsin"
"822","Lanier County","Georgia"
"823","Lapeer County","Michigan"
"824","LaPorte County","Indiana"
"825","Laramie County","Wyoming"
"826","Larimer County","Colorado"
"827","Larue County","Kentucky"
"828","Las Animas County","Colorado"
"829","LaSalle County","Illinois"
"830","Lassen County","California"
"831","Latah County","Idaho"
"832","Latimer County","Oklahoma"
"833","Lauderdale County","Alabama"
"834","Laurel County","Kentucky"
"835","Laurens County","Georgia"
"836","Lavaca County","Texas"
"837","Lawrence County","Alabama"
"838","Le Flore County","Oklahoma"
"839","Le Sueur County","Minnesota"
"840","Lea County","New Mexico"
"841","Leake County","Mississippi"
"842","Leavenworth County","Kansas"
"843","Lebanon County","Pennsylvania"
"844","Lee County","Alabama"
"845","Leelanau County","Michigan"
"846","Leflore County","Mississippi"
"847","Lehigh County","Pennsylvania"
"848","Lemhi County","Idaho"
"849","Lenawee County","Michigan"
"850","Lenoir County","North Carolina"
"851","Leon County","Florida"
"852","Letcher County","Kentucky"
"853","Levy County","Florida"
"854","Lewis and Clark County","Montana"
"855","Lewis County","Kentucky"
"856","Lexington city","Virginia"
"857","Lexington County","South Carolina"
"858","Liberty County","Florida"
"859","Licking County","Ohio"
"860","Limestone County","Alabama"
"861","Lincoln County","Arkansas"
"862","Linn County","Iowa"
"863","Litchfield County","Connecticut"
"864","Little River County","Arkansas"
"865","Live Oak County","Texas"
"866","Livingston County","Illinois"
"867","Llano County","Texas"
"868","Logan County","Arkansas"
"869","Long County","Georgia"
"870","Lonoke County","Arkansas"
"871","Lorain County","Ohio"
"872","Los Alamos County","New Mexico"
"873","Los Angeles County","California"
"874","Loudon County","Tennessee"
"875","Loudoun County","Virginia"
"876","Louisa County","Iowa"
"877","Love County","Oklahoma"
"878","Loving County","Texas"
"879","Lowndes County","Alabama"
"880","Lubbock County","Texas"
"881","Lucas County","Iowa"
"882","Luce County","Michigan"
"883","Lumpkin County","Georgia"
"884","Luna County","New Mexico"
"885","Lunenburg County","Virginia"
"886","Luzerne County","Pennsylvania"
"887","Lycoming County","Pennsylvania"
"888","Lynchburg city","Virginia"
"889","Lynn County","Texas"
"890","Lyon County","Iowa"
"891","Mackinac County","Michigan"
"892","Macomb County","Michigan"
"893","Macon County","Alabama"
"894","Macoupin County","Illinois"
"895","Madera County","California"
"896","Madison County","Alabama"
"897","Mahaska County","Iowa"
"898","Mahnomen County","Minnesota"
"899","Mahoning County","Ohio"
"900","Major County","Oklahoma"
"901","Malheur County","Oregon"
"902","Manassas city","Virginia"
"903","Manassas Park city","Virginia"
"904","Manatee County","Florida"
"905","Manistee County","Michigan"
"906","Manitowoc County","Wisconsin"
"907","Marathon County","Wisconsin"
"908","Marengo County","Alabama"
"909","Maricopa County","Arizona"
"910","Maries County","Missouri"
"911","Marin County","California"
"912","Marinette County","Wisconsin"
"913","Marion County","Alabama"
"914","Mariposa County","California"
"915","Marlboro County","South Carolina"
"916","Marquette County","Michigan"
"917","Marshall County","Alabama"
"918","Martin County","Florida"
"919","Martinsville city","Virginia"
"920","Mason County","Illinois"
"921","Massac County","Illinois"
"922","Matagorda County","Texas"
"923","Mathews County","Virginia"
"924","Maui County","Hawaii"
"925","Maury County","Tennessee"
"926","Maverick County","Texas"
"927","Mayes County","Oklahoma"
"928","McClain County","Oklahoma"
"929","McCook County","South Dakota"
"930","McCormick County","South Carolina"
"931","McCracken County","Kentucky"
"932","McCreary County","Kentucky"
"933","McCulloch County","Texas"
"934","McCurtain County","Oklahoma"
"935","McDonald County","Missouri"
"936","McDonough County","Illinois"
"937","McDowell County","North Carolina"
"938","McDuffie County","Georgia"
"939","McHenry County","Illinois"
"940","McIntosh County","Georgia"
"941","McKean County","Pennsylvania"
"942","McKenzie County","North Dakota"
"943","McKinley County","New Mexico"
"944","McLean County","Illinois"
"945","McLennan County","Texas"
"946","McLeod County","Minnesota"
"947","McMinn County","Tennessee"
"948","McMullen County","Texas"
"949","McNairy County","Tennessee"
"950","McPherson County","Kansas"
"951","Meade County","Kentucky"
"952","Mecklenburg County","North Carolina"
"953","Mecosta County","Michigan"
"954","Medina County","Ohio"
"955","Meeker County","Minnesota"
"956","Meigs County","Ohio"
"957","Menard County","Illinois"
"958","Mendocino County","California"
"959","Menifee County","Kentucky"
"960","Menominee County","Michigan"
"961","Merced County","California"
"962","Mercer County","Illinois"
"963","Meriwether County","Georgia"
"964","Merrick County","Nebraska"
"965","Merrimack County","New Hampshire"
"966","Mesa County","Colorado"
"967","Metcalfe County","Kentucky"
"968","Miami County","Indiana"
"969","Miami-Dade County","Florida"
"970","Middlesex County","Connecticut"
"971","Midland County","Michigan"
"972","Mifflin County","Pennsylvania"
"973","Milam County","Texas"
"974","Millard County","Utah"
"975","Mille Lacs County","Minnesota"
"976","Miller County","Arkansas"
"977","Mills County","Iowa"
"978","Milwaukee County","Wisconsin"
"979","Mineral County","Montana"
"980","Mingo County","West Virginia"
"981","Minidoka County","Idaho"
"982","Minnehaha County","South Dakota"
"983","Missaukee County","Michigan"
"984","Mississippi County","Arkansas"
"985","Missoula County","Montana"
"986","Mitchell County","Georgia"
"987","Mobile County","Alabama"
"988","Modoc County","California"
"989","Moffat County","Colorado"
"990","Mohave County","Arizona"
"991","Moniteau County","Missouri"
"992","Monmouth County","New Jersey"
"993","Mono County","California"
"994","Monona County","Iowa"
"995","Monongalia County","West Virginia"
"996","Monroe County","Alabama"
"997","Montague County","Texas"
"998","Montcalm County","Michigan"
"999","Monterey County","California"
"1000","Montezuma County","Colorado"
"1001","Montgomery County","Alabama"
"1002","Montmorency County","Michigan"
"1003","Montour County","Pennsylvania"
"1004","Montrose County","Colorado"
"1005","Moody County","South Dakota"
"1006","Moore County","North Carolina"
"1007","Morehouse County","Louisiana"
"1008","Morgan County","Alabama"
"1009","Morrill County","Nebraska"
"1010","Morris County","Kansas"
"1011","Morrison County","Minnesota"
"1012","Morrow County","Ohio"
"1013","Morton County","North Dakota"
"1014","Moultrie County","Illinois"
"1015","Mountrail County","North Dakota"
"1016","Mower County","Minnesota"
"1017","Muhlenberg County","Kentucky"
"1018","Multnomah County","Oregon"
"1019","Murray County","Georgia"
"1020","Muscatine County","Iowa"
"1021","Muscogee County","Georgia"
"1022","Muskegon County","Michigan"
"1023","Muskingum County","Ohio"
"1024","Muskogee County","Oklahoma"
"1025","Nacogdoches County","Texas"
"1026","Nantucket County","Massachusetts"
"1027","Napa County","California"
"1028","Nash County","North Carolina"
"1029","Nassau County","Florida"
"1030","Natchitoches County","Louisiana"
"1031","Natrona County","Wyoming"
"1032","Navajo County","Arizona"
"1033","Navarro County","Texas"
"1034","Nelson County","Kentucky"
"1035","Nemaha County","Kansas"
"1036","Neosho County","Kansas"
"1037","Neshoba County","Mississippi"
"1038","Nevada County","Arkansas"
"1039","New Castle County","Delaware"
"1040","New Hanover County","North Carolina"
"1041","New Haven County","Connecticut"
"1042","New Kent County","Virginia"
"1043","New London County","Connecticut"
"1044","New Madrid County","Missouri"
"1045","New York County","New York"
"1046","Newaygo County","Michigan"
"1047","Newberry County","South Carolina"
"1048","Newport County","Rhode Island"
"1049","Newport News city","Virginia"
"1050","Newton County","Arkansas"
"1051","Nez Perce County","Idaho"
"1052","Niagara County","New York"
"1053","Nicholas County","Kentucky"
"1054","Nicollet County","Minnesota"
"1055","Noble County","Indiana"
"1056","Nobles County","Minnesota"
"1057","Nodaway County","Missouri"
"1058","Nolan County","Texas"
"1059","Norfolk city","Virginia"
"1060","Norfolk County","Massachusetts"
"1061","Norman County","Minnesota"
"1062","Northampton County","North Carolina"
"1063","Northumberland County","Pennsylvania"
"1064","Norton city","Virginia"
"1065","Nottoway County","Virginia"
"1066","Nowata County","Oklahoma"
"1067","Noxubee County","Mississippi"
"1068","Nueces County","Texas"
"1069","Nye County","Nevada"
"1070","Oakland County","Michigan"
"1071","Obion County","Tennessee"
"1072","Ocean County","New Jersey"
"1073","Oceana County","Michigan"
"1074","Ochiltree County","Texas"
"1075","Oconee County","Georgia"
"1076","Oconto County","Wisconsin"
"1077","Ogemaw County","Michigan"
"1078","Ogle County","Illinois"
"1079","Oglethorpe County","Georgia"
"1080","Ohio County","Indiana"
"1081","Okaloosa County","Florida"
"1082","Okanogan County","Washington"
"1083","Okeechobee County","Florida"
"1084","Okfuskee County","Oklahoma"
"1085","Oklahoma County","Oklahoma"
"1086","Okmulgee County","Oklahoma"
"1087","Oktibbeha County","Mississippi"
"1088","Oldham County","Kentucky"
"1089","Olmsted County","Minnesota"
"1090","Oneida County","Idaho"
"1091","Onondaga County","New York"
"1092","Onslow County","North Carolina"
"1093","Ontario County","New York"
"1094","Ontonagon County","Michigan"
"1095","Orange County","California"
"1096","Orangeburg County","South Carolina"
"1097","Oregon County","Missouri"
"1098","Orleans County","Louisiana"
"1099","Osage County","Kansas"
"1100","Osceola County","Florida"
"1101","Oscoda County","Michigan"
"1102","Oswego County","New York"
"1103","Otero County","Colorado"
"1104","Otoe County","Nebraska"
"1105","Otsego County","Michigan"
"1106","Ottawa County","Kansas"
"1107","Otter Tail County","Minnesota"
"1108","Ouachita County","Arkansas"
"1109","Ouray County","Colorado"
"1110","Outagamie County","Wisconsin"
"1111","Overton County","Tennessee"
"1112","Owen County","Indiana"
"1113","Owyhee County","Idaho"
"1114","Oxford County","Maine"
"1115","Ozark County","Missouri"
"1116","Ozaukee County","Wisconsin"
"1117","Pacific County","Washington"
"1118","Page County","Iowa"
"1119","Palm Beach County","Florida"
"1120","Palo Alto County","Iowa"
"1121","Palo Pinto County","Texas"
"1122","Pamlico County","North Carolina"
"1123","Panola County","Mississippi"
"1124","Park County","Colorado"
"1125","Parke County","Indiana"
"1126","Parker County","Texas"
"1127","Parmer County","Texas"
"1128","Pasco County","Florida"
"1129","Pasquotank County","North Carolina"
"1130","Passaic County","New Jersey"
"1131","Patrick County","Virginia"
"1132","Paulding County","Georgia"
"1133","Pawnee County","Kansas"
"1134","Payette County","Idaho"
"1135","Payne County","Oklahoma"
"1136","Peach County","Georgia"
"1137","Pearl River County","Mississippi"
"1138","Pecos County","Texas"
"1139","Pembina County","North Dakota"
"1140","Pemiscot County","Missouri"
"1141","Pend Oreille County","Washington"
"1142","Pender County","North Carolina"
"1143","Pendleton County","Kentucky"
"1144","Pennington County","Minnesota"
"1145","Penobscot County","Maine"
"1146","Peoria County","Illinois"
"1147","Pepin County","Wisconsin"
"1148","Perquimans County","North Carolina"
"1149","Perry County","Alabama"
"1150","Pershing County","Nevada"
"1151","Person County","North Carolina"
"1152","Petersburg city","Virginia"
"1153","Pettis County","Missouri"
"1154","Phelps County","Missouri"
"1155","Philadelphia County","Pennsylvania"
"1156","Phillips County","Arkansas"
"1157","Piatt County","Illinois"
"1158","Pickaway County","Ohio"
"1159","Pickens County","Alabama"
"1160","Pierce County","Georgia"
"1161","Pike County","Alabama"
"1162","Pima County","Arizona"
"1163","Pinal County","Arizona"
"1164","Pine County","Minnesota"
"1165","Pinellas County","Florida"
"1166","Pipestone County","Minnesota"
"1167","Piscataquis County","Maine"
"1168","Pitkin County","Colorado"
"1169","Pitt County","North Carolina"
"1170","Pittsburg County","Oklahoma"
"1171","Pittsylvania County","Virginia"
"1172","Placer County","California"
"1173","Plaquemines County","Louisiana"
"1174","Platte County","Missouri"
"1175","Pleasants County","West Virginia"
"1176","Plumas County","California"
"1177","Plymouth County","Iowa"
"1178","Pocahontas County","Iowa"
"1179","Poinsett County","Arkansas"
"1180","Pointe Coupee County","Louisiana"
"1181","Polk County","Arkansas"
"1182","Pondera County","Montana"
"1183","Pontotoc County","Mississippi"
"1184","Pope County","Arkansas"
"1185","Poquoson city","Virginia"
"1186","Portage County","Ohio"
"1187","Porter County","Indiana"
"1188","Portsmouth city","Virginia"
"1189","Posey County","Indiana"
"1190","Pottawatomie County","Kansas"
"1191","Pottawattamie County","Iowa"
"1192","Potter County","Pennsylvania"
"1193","Powell County","Kentucky"
"1194","Power County","Idaho"
"1195","Poweshiek County","Iowa"
"1196","Powhatan County","Virginia"
"1197","Prairie County","Arkansas"
"1198","Pratt County","Kansas"
"1199","Preble County","Ohio"
"1200","Prentiss County","Mississippi"
"1201","Presidio County","Texas"
"1202","Presque Isle County","Michigan"
"1203","Preston County","West Virginia"
"1204","Price County","Wisconsin"
"1205","Prince Edward County","Virginia"
"1206","Prince George County","Virginia"
"1207","Prince William County","Virginia"
"1208","Providence County","Rhode Island"
"1209","Prowers County","Colorado"
"1210","Pueblo County","Colorado"
"1211","Pulaski County","Arkansas"
"1212","Pushmataha County","Oklahoma"
"1213","Putnam County","Florida"
"1214","Quay County","New Mexico"
"1215","Queens County","New York"
"1216","Quitman County","Mississippi"
"1217","Rabun County","Georgia"
"1218","Racine County","Wisconsin"
"1219","Radford city","Virginia"
"1220","Rains County","Texas"
"1221","Raleigh County","West Virginia"
"1222","Ralls County","Missouri"
"1223","Ramsey County","Minnesota"
"1224","Randall County","Texas"
"1225","Randolph County","Alabama"
"1226","Rankin County","Mississippi"
"1227","Ransom County","North Dakota"
"1228","Rapides County","Louisiana"
"1229","Rappahannock County","Virginia"
"1230","Ravalli County","Montana"
"1231","Ray County","Missouri"
"1232","Reagan County","Texas"
"1233","Red River County","Louisiana"
"1234","Red Willow County","Nebraska"
"1235","Redwood County","Minnesota"
"1236","Reeves County","Texas"
"1237","Refugio County","Texas"
"1238","Reno County","Kansas"
"1239","Rensselaer County","New York"
"1240","Renville County","Minnesota"
"1241","Rhea County","Tennessee"
"1242","Rice County","Kansas"
"1243","Richardson County","Nebraska"
"1244","Richland County","Illinois"
"1245","Richmond city","Virginia"
"1246","Richmond County","Georgia"
"1247","Riley County","Kansas"
"1248","Rio Arriba County","New Mexico"
"1249","Rio Blanco County","Colorado"
"1250","Rio Grande County","Colorado"
"1251","Ripley County","Indiana"
"1252","Ritchie County","West Virginia"
"1253","Riverside County","California"
"1254","Roane County","Tennessee"
"1255","Roanoke city","Virginia"
"1256","Roanoke County","Virginia"
"1257","Roberts County","South Dakota"
"1258","Robertson County","Tennessee"
"1259","Robeson County","North Carolina"
"1260","Rock County","Minnesota"
"1261","Rock Island County","Illinois"
"1262","Rockbridge County","Virginia"
"1263","Rockcastle County","Kentucky"
"1264","Rockdale County","Georgia"
"1265","Rockingham County","New Hampshire"
"1266","Rockland County","New York"
"1267","Rockwall County","Texas"
"1268","Rogers County","Oklahoma"
"1269","Rolette County","North Dakota"
"1270","Roosevelt County","Montana"
"1271","Roscommon County","Michigan"
"1272","Roseau County","Minnesota"
"1273","Rosebud County","Montana"
"1274","Ross County","Ohio"
"1275","Routt County","Colorado"
"1276","Rowan County","Kentucky"
"1277","Runnels County","Texas"
"1278","Rush County","Indiana"
"1279","Rusk County","Texas"
"1280","Russell County","Alabama"
"1281","Rutherford County","North Carolina"
"1282","Rutland County","Vermont"
"1283","Sabine County","Louisiana"
"1284","Sac County","Iowa"
"1285","Sacramento County","California"
"1286","Sagadahoc County","Maine"
"1287","Saginaw County","Michigan"
"1288","Saguache County","Colorado"
"1289","Salem city","Virginia"
"1290","Salem County","New Jersey"
"1291","Saline County","Arkansas"
"1292","Salt Lake County","Utah"
"1293","Saluda County","South Carolina"
"1294","Sampson County","North Carolina"
"1295","San Augustine County","Texas"
"1296","San Benito County","California"
"1297","San Bernardino County","California"
"1298","San Diego County","California"
"1299","San Francisco County","California"
"1300","San Jacinto County","Texas"
"1301","San Joaquin County","California"
"1302","San Juan County","New Mexico"
"1303","San Luis Obispo County","California"
"1304","San Mateo County","California"
"1305","San Miguel County","Colorado"
"1306","San Patricio County","Texas"
"1307","San Saba County","Texas"
"1308","Sanders County","Montana"
"1309","Sandoval County","New Mexico"
"1310","Sandusky County","Ohio"
"1311","Sangamon County","Illinois"
"1312","Sanilac County","Michigan"
"1313","Sanpete County","Utah"
"1314","Santa Barbara County","California"
"1315","Santa Clara County","California"
"1316","Santa Cruz County","Arizona"
"1317","Santa Fe County","New Mexico"
"1318","Santa Rosa County","Florida"
"1319","Sarasota County","Florida"
"1320","Saratoga County","New York"
"1321","Sarpy County","Nebraska"
"1322","Sauk County","Wisconsin"
"1323","Saunders County","Nebraska"
"1324","Sawyer County","Wisconsin"
"1325","Schenectady County","New York"
"1326","Schley County","Georgia"
"1327","Schoharie County","New York"
"1328","Schoolcraft County","Michigan"
"1329","Schuyler County","Illinois"
"1330","Schuylkill County","Pennsylvania"
"1331","Scioto County","Ohio"
"1332","Scotland County","North Carolina"
"1333","Scott County","Arkansas"
"1334","Scotts Bluff County","Nebraska"
"1335","Screven County","Georgia"
"1336","Scurry County","Texas"
"1337","Searcy County","Arkansas"
"1338","Sebastian County","Arkansas"
"1339","Sedgwick County","Kansas"
"1340","Seminole County","Florida"
"1341","Seneca County","New York"
"1342","Sequatchie County","Tennessee"
"1343","Sequoyah County","Oklahoma"
"1344","Sevier County","Arkansas"
"1345","Seward County","Kansas"
"1346","Shannon County","Missouri"
"1347","Sharp County","Arkansas"
"1348","Shasta County","California"
"1349","Shawano County","Wisconsin"
"1350","Shawnee County","Kansas"
"1351","Sheboygan County","Wisconsin"
"1352","Shelby County","Alabama"
"1353","Shenandoah County","Virginia"
"1354","Sherburne County","Minnesota"
"1355","Sheridan County","Wyoming"
"1356","Sherman County","Kansas"
"1357","Shiawassee County","Michigan"
"1358","Shoshone County","Idaho"
"1359","Sibley County","Minnesota"
"1360","Sierra County","New Mexico"
"1361","Silver Bow County","Montana"
"1362","Simpson County","Kentucky"
"1363","Sioux County","Iowa"
"1364","Siskiyou County","California"
"1365","Skagit County","Washington"
"1366","Skamania County","Washington"
"1367","Smith County","Mississippi"
"1368","Smyth County","Virginia"
"1369","Snohomish County","Washington"
"1370","Snyder County","Pennsylvania"
"1371","Socorro County","New Mexico"
"1372","Solano County","California"
"1373","Somerset County","Maine"
"1374","Somervell County","Texas"
"1375","Sonoma County","California"
"1376","Southampton County","Virginia"
"1377","Spalding County","Georgia"
"1378","Spartanburg County","South Carolina"
"1379","Spencer County","Indiana"
"1380","Spink County","South Dakota"
"1381","Spokane County","Washington"
"1382","Spotsylvania County","Virginia"
"1383","St. Charles County","Missouri"
"1384","St. Clair County","Alabama"
"1385","St. Croix County","Wisconsin"
"1386","St. Francis County","Arkansas"
"1387","St. Francois County","Missouri"
"1388","St. Johns County","Florida"
"1389","St. Joseph County","Indiana"
"1390","St. Lawrence County","New York"
"1391","St. Louis County","Minnesota"
"1392","St. Lucie County","Florida"
"1393","Stafford County","Virginia"
"1394","Stanislaus County","California"
"1395","Stanly County","North Carolina"
"1396","Stanton County","Nebraska"
"1397","Stark County","Illinois"
"1398","Starke County","Indiana"
"1399","Starr County","Texas"
"1400","Staunton city","Virginia"
"1401","Ste. Genevieve County","Missouri"
"1402","Stearns County","Minnesota"
"1403","Steele County","Minnesota"
"1404","Stephens County","Georgia"
"1405","Stephenson County","Illinois"
"1406","Steuben County","Indiana"
"1407","Stevens County","Kansas"
"1408","Stewart County","Tennessee"
"1409","Stillwater County","Montana"
"1410","Stoddard County","Missouri"
"1411","Stokes County","North Carolina"
"1412","Stone County","Arkansas"
"1413","Storey County","Nevada"
"1414","Story County","Iowa"
"1415","Strafford County","New Hampshire"
"1416","Stutsman County","North Dakota"
"1417","Sublette County","Wyoming"
"1418","Suffolk city","Virginia"
"1419","Suffolk County","Massachusetts"
"1420","Sullivan County","Indiana"
"1421","Summers County","West Virginia"
"1422","Summit County","Colorado"
"1423","Sumner County","Kansas"
"1424","Sumter County","Alabama"
"1425","Sunflower County","Mississippi"
"1426","Surry County","North Carolina"
"1427","Susquehanna County","Pennsylvania"
"1428","Sussex County","Delaware"
"1429","Sutter County","California"
"1430","Sutton County","Texas"
"1431","Suwannee County","Florida"
"1432","Swain County","North Carolina"
"1433","Sweetwater County","Wyoming"
"1434","Swift County","Minnesota"
"1435","Swisher County","Texas"
"1436","Switzerland County","Indiana"
"1437","Talbot County","Georgia"
"1438","Talladega County","Alabama"
"1439","Tallahatchie County","Mississippi"
"1440","Tallapoosa County","Alabama"
"1441","Tama County","Iowa"
"1442","Taney County","Missouri"
"1443","Tangipahoa County","Louisiana"
"1444","Taos County","New Mexico"
"1445","Tarrant County","Texas"
"1446","Tate County","Mississippi"
"1447","Tattnall County","Georgia"
"1448","Taylor County","Florida"
"1449","Tazewell County","Illinois"
"1450","Tehama County","California"
"1451","Telfair County","Georgia"
"1452","Teller County","Colorado"
"1453","Terrebonne County","Louisiana"
"1454","Terrell County","Georgia"
"1455","Terry County","Texas"
"1456","Teton County","Idaho"
"1457","Texas County","Missouri"
"1458","Thayer County","Nebraska"
"1459","Thomas County","Georgia"
"1460","Thurston County","Nebraska"
"1461","Tift County","Georgia"
"1462","Tillamook County","Oregon"
"1463","Tillman County","Oklahoma"
"1464","Tioga County","New York"
"1465","Tippah County","Mississippi"
"1466","Tippecanoe County","Indiana"
"1467","Tipton County","Indiana"
"1468","Tishomingo County","Mississippi"
"1469","Titus County","Texas"
"1470","Todd County","Kentucky"
"1471","Tolland County","Connecticut"
"1472","Tom Green County","Texas"
"1473","Tompkins County","New York"
"1474","Tooele County","Utah"
"1475","Toombs County","Georgia"
"1476","Torrance County","New Mexico"
"1477","Towns County","Georgia"
"1478","Traill County","North Dakota"
"1479","Transylvania County","North Carolina"
"1480","Travis County","Texas"
"1481","Trego County","Kansas"
"1482","Trempealeau County","Wisconsin"
"1483","Treutlen County","Georgia"
"1484","Trigg County","Kentucky"
"1485","Trimble County","Kentucky"
"1486","Trinity County","California"
"1487","Tripp County","South Dakota"
"1488","Troup County","Georgia"
"1489","Trousdale County","Tennessee"
"1490","Trumbull County","Ohio"
"1491","Tucker County","West Virginia"
"1492","Tulare County","California"
"1493","Tulsa County","Oklahoma"
"1494","Tunica County","Mississippi"
"1495","Tuolumne County","California"
"1496","Turner County","Georgia"
"1497","Tuscaloosa County","Alabama"
"1498","Tuscarawas County","Ohio"
"1499","Tuscola County","Michigan"
"1500","Twiggs County","Georgia"
"1501","Twin Falls County","Idaho"
"1502","Tyler County","Texas"
"1503","Uinta County","Wyoming"
"1504","Uintah County","Utah"
"1505","Ulster County","New York"
"1506","Umatilla County","Oregon"
"1507","Unicoi County","Tennessee"
"1508","Union County","Arkansas"
"1509","Upshur County","Texas"
"1510","Upson County","Georgia"
"1511","Upton County","Texas"
"1512","Utah County","Utah"
"1513","Uvalde County","Texas"
"1514","Val Verde County","Texas"
"1515","Valencia County","New Mexico"
"1516","Valley County","Idaho"
"1517","Van Buren County","Arkansas"
"1518","Van Wert County","Ohio"
"1519","Van Zandt County","Texas"
"1520","Vance County","North Carolina"
"1521","Vanderburgh County","Indiana"
"1522","Venango County","Pennsylvania"
"1523","Ventura County","California"
"1524","Vermilion County","Illinois"
"1525","Vermillion County","Indiana"
"1526","Vernon County","Louisiana"
"1527","Victoria County","Texas"
"1528","Vigo County","Indiana"
"1529","Vilas County","Wisconsin"
"1530","Vinton County","Ohio"
"1531","Virginia Beach city","Virginia"
"1532","Volusia County","Florida"
"1533","Wabash County","Illinois"
"1534","Wabasha County","Minnesota"
"1535","Wabaunsee County","Kansas"
"1536","Wadena County","Minnesota"
"1537","Wagoner County","Oklahoma"
"1538","Wake County","North Carolina"
"1539","Wakulla County","Florida"
"1540","Waldo County","Maine"
"1541","Walker County","Alabama"
"1542","Walla Walla County","Washington"
"1543","Waller County","Texas"
"1544","Wallowa County","Oregon"
"1545","Walsh County","North Dakota"
"1546","Walthall County","Mississippi"
"1547","Walton County","Florida"
"1548","Walworth County","South Dakota"
"1549","Wapello County","Iowa"
"1550","Ward County","North Dakota"
"1551","Ware County","Georgia"
"1552","Warren County","Georgia"
"1553","Warrick County","Indiana"
"1554","Wasatch County","Utah"
"1555","Wasco County","Oregon"
"1556","Waseca County","Minnesota"
"1557","Washakie County","Wyoming"
"1558","Washburn County","Wisconsin"
"1559","Washington County","Alabama"
"1560","Washita County","Oklahoma"
"1561","Washoe County","Nevada"
"1562","Washtenaw County","Michigan"
"1563","Watauga County","North Carolina"
"1564","Watonwan County","Minnesota"
"1565","Waukesha County","Wisconsin"
"1566","Waupaca County","Wisconsin"
"1567","Waushara County","Wisconsin"
"1568","Wayne County","Georgia"
"1569","Waynesboro city","Virginia"
"1570","Weakley County","Tennessee"
"1571","Webb County","Texas"
"1572","Weber County","Utah"
"1573","Webster County","Iowa"
"1574","Weld County","Colorado"
"1575","Wells County","Indiana"
"1576","West Baton Rouge County","Louisiana"
"1577","West Carroll County","Louisiana"
"1578","West Feliciana County","Louisiana"
"1579","Westchester County","New York"
"1580","Westmoreland County","Pennsylvania"
"1581","Weston County","Wyoming"
"1582","Wetzel County","West Virginia"
"1583","Wexford County","Michigan"
"1584","Wharton County","Texas"
"1585","Whatcom County","Washington"
"1586","Wheeler County","Texas"
"1587","White County","Arkansas"
"1588","White Pine County","Nevada"
"1589","Whiteside County","Illinois"
"1590","Whitfield County","Georgia"
"1591","Whitley County","Indiana"
"1592","Whitman County","Washington"
"1593","Wichita County","Texas"
"1594","Wicomico County","Maryland"
"1595","Wilbarger County","Texas"
"1596","Wilcox County","Alabama"
"1597","Wilkes County","Georgia"
"1598","Wilkin County","Minnesota"
"1599","Wilkinson County","Georgia"
"1600","Will County","Illinois"
"1601","Willacy County","Texas"
"1602","Williams County","North Dakota"
"1603","Williamsburg city","Virginia"
"1604","Williamsburg County","South Carolina"
"1605","Williamson County","Illinois"
"1606","Wilson County","Kansas"
"1607","Winchester city","Virginia"
"1608","Windham County","Connecticut"
"1609","Windsor County","Vermont"
"1610","Winkler County","Texas"
"1611","Winn County","Louisiana"
"1612","Winnebago County","Illinois"
"1613","Winneshiek County","Iowa"
"1614","Winona County","Minnesota"
"1615","Winston County","Alabama"
"1616","Wise County","Texas"
"1617","Wood County","Ohio"
"1618","Woodbury County","Iowa"
"1619","Woodford County","Illinois"
"1620","Woods County","Oklahoma"
"1621","Woodward County","Oklahoma"
"1622","Worcester County","Maryland"
"1623","Worth County","Georgia"
"1624","Wright County","Iowa"
"1625","Wyandot County","Ohio"
"1626","Wyandotte County","Kansas"
"1627","Wyoming County","New York"
"1628","Wythe County","Virginia"
"1629","Yadkin County","North Carolina"
"1630","Yakima County","Washington"
"1631","Yalobusha County","Mississippi"
"1632","Yamhill County","Oregon"
"1633","Yancey County","North Carolina"
"1634","Yankton County","South Dakota"
"1635","Yates County","New York"
"1636","Yavapai County","Arizona"
"1637","Yazoo County","Mississippi"
"1638","Yell County","Arkansas"
"1639","Yellow Medicine County","Minnesota"
"1640","Yellowstone County","Montana"
"1641","Yoakum County","Texas"
"1642","Yolo County","California"
"1643","York County","Maine"
"1644","Young County","Texas"
"1645","Yuba County","California"
"1646","Yuma County","Arizona"
"1647","Zapata County","Texas"
"1648","Zavala County","Texas"
