,county_state
1,"Abbeville County, South Carolina"
2,"Acadia County, Louisiana"
3,"Accomack County, Virginia"
4,"Ada County, Idaho"
5,"Adair County, Iowa"
6,"Adair County, Kentucky"
7,"Adair County, Missouri"
8,"Adair County, Oklahoma"
9,"Adams County, Colorado"
10,"Adams County, Illinois"
11,"Adams County, Indiana"
12,"Adams County, Mississippi"
13,"Adams County, Nebraska"
14,"Adams County, Ohio"
15,"Adams County, Pennsylvania"
16,"Adams County, Washington"
17,"Adams County, Wisconsin"
18,"Addison County, Vermont"
19,"Aiken County, South Carolina"
20,"Aitkin County, Minnesota"
21,"Alachua County, Florida"
22,"Alamance County, North Carolina"
23,"Alameda County, California"
24,"Alamosa County, Colorado"
25,"Albany County, New York"
26,"Albany County, Wyoming"
27,"Albemarle County, Virginia"
28,"Alcona County, Michigan"
29,"Alcorn County, Mississippi"
30,"Alexander County, Illinois"
31,"Alexander County, North Carolina"
32,"Alexandria city, Virginia"
33,"Alger County, Michigan"
34,"Allamakee County, Iowa"
35,"Allegan County, Michigan"
36,"Allegany County, Maryland"
37,"Allegany County, New York"
38,"Alleghany County, North Carolina"
39,"Alleghany County, Virginia"
40,"Allegheny County, Pennsylvania"
41,"Allen County, Indiana"
42,"Allen County, Kansas"
43,"Allen County, Kentucky"
44,"Allen County, Louisiana"
45,"Allen County, Ohio"
46,"Allendale County, South Carolina"
47,"Alpena County, Michigan"
48,"Amador County, California"
49,"Amelia County, Virginia"
50,"Amherst County, Virginia"
51,"Amite County, Mississippi"
52,"Anderson County, Kansas"
53,"Anderson County, Kentucky"
54,"Anderson County, South Carolina"
55,"Anderson County, Tennessee"
56,"Anderson County, Texas"
57,"Andrew County, Missouri"
58,"Andrews County, Texas"
59,"Androscoggin County, Maine"
60,"Angelina County, Texas"
61,"Anne Arundel County, Maryland"
62,"Anoka County, Minnesota"
63,"Anson County, North Carolina"
64,"Antrim County, Michigan"
65,"Apache County, Arizona"
66,"Appanoose County, Iowa"
67,"Appling County, Georgia"
68,"Appomattox County, Virginia"
69,"Aransas County, Texas"
70,"Arapahoe County, Colorado"
71,"Archer County, Texas"
72,"Archuleta County, Colorado"
73,"Arenac County, Michigan"
74,"Arkansas County, Arkansas"
75,"Arlington County, Virginia"
76,"Armstrong County, Pennsylvania"
77,"Aroostook County, Maine"
78,"Ascension County, Louisiana"
79,"Ashe County, North Carolina"
80,"Ashland County, Ohio"
81,"Ashland County, Wisconsin"
82,"Ashley County, Arkansas"
83,"Ashtabula County, Ohio"
84,"Asotin County, Washington"
85,"Assumption County, Louisiana"
86,"Atascosa County, Texas"
87,"Atchison County, Kansas"
88,"Athens County, Ohio"
89,"Atkinson County, Georgia"
90,"Atlantic County, New Jersey"
91,"Atoka County, Oklahoma"
92,"Attala County, Mississippi"
93,"Audrain County, Missouri"
94,"Audubon County, Iowa"
95,"Auglaize County, Ohio"
96,"Augusta County, Virginia"
97,"Austin County, Texas"
98,"Autauga County, Alabama"
99,"Avery County, North Carolina"
100,"Avoyelles County, Louisiana"
101,"Bacon County, Georgia"
102,"Bailey County, Texas"
103,"Baker County, Florida"
104,"Baker County, Oregon"
105,"Baldwin County, Alabama"
106,"Baldwin County, Georgia"
107,"Ballard County, Kentucky"
108,"Baltimore, Maryland"
109,"Baltimore County, Maryland"
110,"Bamberg County, South Carolina"
111,"Bandera County, Texas"
112,"Banks County, Georgia"
113,"Bannock County, Idaho"
114,"Baraga County, Michigan"
115,"Barbour County, Alabama"
116,"Barbour County, West Virginia"
117,"Barnes County, North Dakota"
118,"Barnstable County, Massachusetts"
119,"Barnwell County, South Carolina"
120,"Barren County, Kentucky"
121,"Barron County, Wisconsin"
122,"Barrow County, Georgia"
123,"Barry County, Michigan"
124,"Barry County, Missouri"
125,"Bartholomew County, Indiana"
126,"Barton County, Kansas"
127,"Barton County, Missouri"
128,"Bartow County, Georgia"
129,"Bastrop County, Texas"
130,"Bates County, Missouri"
131,"Bath County, Kentucky"
132,"Bath County, Virginia"
133,"Baxter County, Arkansas"
134,"Bay County, Florida"
135,"Bay County, Michigan"
136,"Bayfield County, Wisconsin"
137,"Beadle County, South Dakota"
138,"Bear Lake County, Idaho"
139,"Beaufort County, North Carolina"
140,"Beaufort County, South Carolina"
141,"Beauregard County, Louisiana"
142,"Beaver County, Pennsylvania"
143,"Beaver County, Utah"
144,"Beaverhead County, Montana"
145,"Becker County, Minnesota"
146,"Beckham County, Oklahoma"
147,"Bedford County, Pennsylvania"
148,"Bedford County, Tennessee"
149,"Bedford County, Virginia"
150,"Bee County, Texas"
151,"Belknap County, New Hampshire"
152,"Bell County, Kentucky"
153,"Bell County, Texas"
154,"Belmont County, Ohio"
155,"Beltrami County, Minnesota"
156,"Ben Hill County, Georgia"
157,"Benewah County, Idaho"
158,"Bennington County, Vermont"
159,"Benton County, Arkansas"
160,"Benton County, Indiana"
161,"Benton County, Iowa"
162,"Benton County, Minnesota"
163,"Benton County, Mississippi"
164,"Benton County, Missouri"
165,"Benton County, Oregon"
166,"Benton County, Tennessee"
167,"Benton County, Washington"
168,"Benzie County, Michigan"
169,"Bergen County, New Jersey"
170,"Berkeley County, South Carolina"
171,"Berkeley County, West Virginia"
172,"Berks County, Pennsylvania"
173,"Berkshire County, Massachusetts"
174,"Bernalillo County, New Mexico"
175,"Berrien County, Georgia"
176,"Berrien County, Michigan"
177,"Bertie County, North Carolina"
178,"Bexar County, Texas"
179,"Bibb County, Alabama"
180,"Bibb County, Georgia"
181,"Bienville County, Louisiana"
182,"Big Horn County, Montana"
183,"Big Horn County, Wyoming"
184,"Big Stone County, Minnesota"
185,"Bingham County, Idaho"
186,"Black Hawk County, Iowa"
187,"Blackford County, Indiana"
188,"Bladen County, North Carolina"
189,"Blaine County, Idaho"
190,"Blaine County, Montana"
191,"Blaine County, Oklahoma"
192,"Blair County, Pennsylvania"
193,"Blanco County, Texas"
194,"Bland County, Virginia"
195,"Bleckley County, Georgia"
196,"Bledsoe County, Tennessee"
197,"Blount County, Alabama"
198,"Blount County, Tennessee"
199,"Blue Earth County, Minnesota"
200,"Boise County, Idaho"
201,"Bolivar County, Mississippi"
202,"Bollinger County, Missouri"
203,"Bon Homme County, South Dakota"
204,"Bond County, Illinois"
205,"Bonner County, Idaho"
206,"Bonneville County, Idaho"
207,"Boone County, Arkansas"
208,"Boone County, Illinois"
209,"Boone County, Indiana"
210,"Boone County, Iowa"
211,"Boone County, Kentucky"
212,"Boone County, Missouri"
213,"Boone County, West Virginia"
214,"Bosque County, Texas"
215,"Bossier County, Louisiana"
216,"Botetourt County, Virginia"
217,"Bottineau County, North Dakota"
218,"Boulder County, Colorado"
219,"Boundary County, Idaho"
220,"Bourbon County, Kansas"
221,"Bourbon County, Kentucky"
222,"Bowie County, Texas"
223,"Box Butte County, Nebraska"
224,"Box Elder County, Utah"
225,"Boyd County, Kentucky"
226,"Boyle County, Kentucky"
227,"Bracken County, Kentucky"
228,"Bradford County, Florida"
229,"Bradford County, Pennsylvania"
230,"Bradley County, Arkansas"
231,"Bradley County, Tennessee"
232,"Branch County, Michigan"
233,"Brantley County, Georgia"
234,"Braxton County, West Virginia"
235,"Brazoria County, Texas"
236,"Brazos County, Texas"
237,"Breathitt County, Kentucky"
238,"Breckinridge County, Kentucky"
239,"Bremer County, Iowa"
240,"Brevard County, Florida"
241,"Brewster County, Texas"
242,"Bristol city, Virginia"
243,"Bristol County, Massachusetts"
244,"Bristol County, Rhode Island"
245,"Broadwater County, Montana"
246,"Bronx County, New York"
247,"Brooke County, West Virginia"
248,"Brookings County, South Dakota"
249,"Brooks County, Georgia"
250,"Brooks County, Texas"
251,"Broome County, New York"
252,"Broomfield County, Colorado"
253,"Broward County, Florida"
254,"Brown County, Indiana"
255,"Brown County, Kansas"
256,"Brown County, Minnesota"
257,"Brown County, Ohio"
258,"Brown County, South Dakota"
259,"Brown County, Texas"
260,"Brown County, Wisconsin"
261,"Brule County, South Dakota"
262,"Brunswick County, North Carolina"
263,"Brunswick County, Virginia"
264,"Bryan County, Georgia"
265,"Bryan County, Oklahoma"
266,"Buchanan County, Iowa"
267,"Buchanan County, Missouri"
268,"Buchanan County, Virginia"
269,"Buckingham County, Virginia"
270,"Bucks County, Pennsylvania"
271,"Buena Vista city, Virginia"
272,"Buena Vista County, Iowa"
273,"Buffalo County, Nebraska"
274,"Buffalo County, Wisconsin"
275,"Bullitt County, Kentucky"
276,"Bulloch County, Georgia"
277,"Bullock County, Alabama"
278,"Buncombe County, North Carolina"
279,"Bureau County, Illinois"
280,"Burke County, Georgia"
281,"Burke County, North Carolina"
282,"Burleigh County, North Dakota"
283,"Burleson County, Texas"
284,"Burlington County, New Jersey"
285,"Burnet County, Texas"
286,"Burnett County, Wisconsin"
287,"Burt County, Nebraska"
288,"Butler County, Alabama"
289,"Butler County, Iowa"
290,"Butler County, Kansas"
291,"Butler County, Kentucky"
292,"Butler County, Missouri"
293,"Butler County, Nebraska"
294,"Butler County, Ohio"
295,"Butler County, Pennsylvania"
296,"Butte County, California"
297,"Butte County, South Dakota"
298,"Butts County, Georgia"
299,"Cabarrus County, North Carolina"
300,"Cabell County, West Virginia"
301,"Cache County, Utah"
302,"Caddo County, Louisiana"
303,"Caddo County, Oklahoma"
304,"Calaveras County, California"
305,"Calcasieu County, Louisiana"
306,"Caldwell County, Kentucky"
307,"Caldwell County, Louisiana"
308,"Caldwell County, Missouri"
309,"Caldwell County, North Carolina"
310,"Caldwell County, Texas"
311,"Caledonia County, Vermont"
312,"Calhoun County, Alabama"
313,"Calhoun County, Florida"
314,"Calhoun County, Iowa"
315,"Calhoun County, Michigan"
316,"Calhoun County, Mississippi"
317,"Calhoun County, South Carolina"
318,"Calhoun County, Texas"
319,"Callahan County, Texas"
320,"Callaway County, Missouri"
321,"Calloway County, Kentucky"
322,"Calumet County, Wisconsin"
323,"Calvert County, Maryland"
324,"Cambria County, Pennsylvania"
325,"Camden County, Georgia"
326,"Camden County, Missouri"
327,"Camden County, New Jersey"
328,"Camden County, North Carolina"
329,"Cameron County, Louisiana"
330,"Cameron County, Texas"
331,"Camp County, Texas"
332,"Campbell County, Kentucky"
333,"Campbell County, Tennessee"
334,"Campbell County, Virginia"
335,"Campbell County, Wyoming"
336,"Canadian County, Oklahoma"
337,"Candler County, Georgia"
338,"Cannon County, Tennessee"
339,"Canyon County, Idaho"
340,"Cape Girardeau County, Missouri"
341,"Cape May County, New Jersey"
342,"Carbon County, Montana"
343,"Carbon County, Pennsylvania"
344,"Carbon County, Utah"
345,"Carbon County, Wyoming"
346,"Caribou County, Idaho"
347,"Carlton County, Minnesota"
348,"Caroline County, Maryland"
349,"Caroline County, Virginia"
350,"Carroll County, Arkansas"
351,"Carroll County, Georgia"
352,"Carroll County, Illinois"
353,"Carroll County, Indiana"
354,"Carroll County, Iowa"
355,"Carroll County, Kentucky"
356,"Carroll County, Maryland"
357,"Carroll County, Mississippi"
358,"Carroll County, Missouri"
359,"Carroll County, New Hampshire"
360,"Carroll County, Ohio"
361,"Carroll County, Tennessee"
362,"Carroll County, Virginia"
363,"Carson City, Nevada"
364,"Carson County, Texas"
365,"Carter County, Kentucky"
366,"Carter County, Oklahoma"
367,"Carter County, Tennessee"
368,"Carteret County, North Carolina"
369,"Carver County, Minnesota"
370,"Cascade County, Montana"
371,"Casey County, Kentucky"
372,"Cass County, Illinois"
373,"Cass County, Indiana"
374,"Cass County, Iowa"
375,"Cass County, Michigan"
376,"Cass County, Minnesota"
377,"Cass County, Missouri"
378,"Cass County, Nebraska"
379,"Cass County, North Dakota"
380,"Cass County, Texas"
381,"Cassia County, Idaho"
382,"Castro County, Texas"
383,"Caswell County, North Carolina"
384,"Catahoula County, Louisiana"
385,"Catawba County, North Carolina"
386,"Catoosa County, Georgia"
387,"Cattaraugus County, New York"
388,"Cayuga County, New York"
389,"Cecil County, Maryland"
390,"Cedar County, Iowa"
391,"Cedar County, Missouri"
392,"Cedar County, Nebraska"
393,"Centre County, Pennsylvania"
394,"Cerro Gordo County, Iowa"
395,"Chaffee County, Colorado"
396,"Chambers County, Alabama"
397,"Chambers County, Texas"
398,"Champaign County, Illinois"
399,"Champaign County, Ohio"
400,"Chariton County, Missouri"
401,"Charles City County, Virginia"
402,"Charles County, Maryland"
403,"Charles Mix County, South Dakota"
404,"Charleston County, South Carolina"
405,"Charlevoix County, Michigan"
406,"Charlotte County, Florida"
407,"Charlotte County, Virginia"
408,"Charlottesville city, Virginia"
409,"Charlton County, Georgia"
410,"Chatham County, Georgia"
411,"Chatham County, North Carolina"
412,"Chattahoochee County, Georgia"
413,"Chattooga County, Georgia"
414,"Chautauqua County, New York"
415,"Chaves County, New Mexico"
416,"Cheatham County, Tennessee"
417,"Cheboygan County, Michigan"
418,"Chelan County, Washington"
419,"Chemung County, New York"
420,"Chenango County, New York"
421,"Cherokee County, Alabama"
422,"Cherokee County, Georgia"
423,"Cherokee County, Iowa"
424,"Cherokee County, Kansas"
425,"Cherokee County, North Carolina"
426,"Cherokee County, Oklahoma"
427,"Cherokee County, South Carolina"
428,"Cherokee County, Texas"
429,"Cherry County, Nebraska"
430,"Chesapeake city, Virginia"
431,"Cheshire County, New Hampshire"
432,"Chester County, Pennsylvania"
433,"Chester County, South Carolina"
434,"Chester County, Tennessee"
435,"Chesterfield County, South Carolina"
436,"Chesterfield County, Virginia"
437,"Cheyenne County, Nebraska"
438,"Chickasaw County, Iowa"
439,"Chickasaw County, Mississippi"
440,"Chicot County, Arkansas"
441,"Childress County, Texas"
442,"Chilton County, Alabama"
443,"Chippewa County, Michigan"
444,"Chippewa County, Minnesota"
445,"Chippewa County, Wisconsin"
446,"Chisago County, Minnesota"
447,"Chittenden County, Vermont"
448,"Choctaw County, Alabama"
449,"Choctaw County, Oklahoma"
450,"Chowan County, North Carolina"
451,"Christian County, Illinois"
452,"Christian County, Kentucky"
453,"Christian County, Missouri"
454,"Churchill County, Nevada"
455,"Cibola County, New Mexico"
456,"Citrus County, Florida"
457,"Clackamas County, Oregon"
458,"Claiborne County, Louisiana"
459,"Claiborne County, Mississippi"
460,"Claiborne County, Tennessee"
461,"Clallam County, Washington"
462,"Clare County, Michigan"
463,"Clarendon County, South Carolina"
464,"Clarion County, Pennsylvania"
465,"Clark County, Arkansas"
466,"Clark County, Illinois"
467,"Clark County, Indiana"
468,"Clark County, Kentucky"
469,"Clark County, Missouri"
470,"Clark County, Nevada"
471,"Clark County, Ohio"
472,"Clark County, Washington"
473,"Clark County, Wisconsin"
474,"Clarke County, Alabama"
475,"Clarke County, Georgia"
476,"Clarke County, Iowa"
477,"Clarke County, Mississippi"
478,"Clarke County, Virginia"
479,"Clatsop County, Oregon"
480,"Clay County, Alabama"
481,"Clay County, Arkansas"
482,"Clay County, Florida"
483,"Clay County, Illinois"
484,"Clay County, Indiana"
485,"Clay County, Iowa"
486,"Clay County, Kansas"
487,"Clay County, Kentucky"
488,"Clay County, Minnesota"
489,"Clay County, Mississippi"
490,"Clay County, Missouri"
491,"Clay County, Nebraska"
492,"Clay County, North Carolina"
493,"Clay County, South Dakota"
494,"Clay County, Tennessee"
495,"Clay County, Texas"
496,"Clayton County, Georgia"
497,"Clayton County, Iowa"
498,"Clear Creek County, Colorado"
499,"Clearfield County, Pennsylvania"
500,"Clearwater County, Idaho"
501,"Clearwater County, Minnesota"
502,"Cleburne County, Alabama"
503,"Cleburne County, Arkansas"
504,"Clermont County, Ohio"
505,"Cleveland County, Arkansas"
506,"Cleveland County, North Carolina"
507,"Cleveland County, Oklahoma"
508,"Clinch County, Georgia"
509,"Clinton County, Illinois"
510,"Clinton County, Indiana"
511,"Clinton County, Iowa"
512,"Clinton County, Kentucky"
513,"Clinton County, Michigan"
514,"Clinton County, Missouri"
515,"Clinton County, New York"
516,"Clinton County, Ohio"
517,"Clinton County, Pennsylvania"
518,"Cloud County, Kansas"
519,"Coahoma County, Mississippi"
520,"Coal County, Oklahoma"
521,"Cobb County, Georgia"
522,"Cochise County, Arizona"
523,"Cocke County, Tennessee"
524,"Coconino County, Arizona"
525,"Codington County, South Dakota"
526,"Coffee County, Alabama"
527,"Coffee County, Georgia"
528,"Coffee County, Tennessee"
529,"Coffey County, Kansas"
530,"Coke County, Texas"
531,"Colbert County, Alabama"
532,"Cole County, Missouri"
533,"Coleman County, Texas"
534,"Coles County, Illinois"
535,"Colfax County, Nebraska"
536,"Colfax County, New Mexico"
537,"Colleton County, South Carolina"
538,"Collier County, Florida"
539,"Collin County, Texas"
540,"Colonial Heights city, Virginia"
541,"Colorado County, Texas"
542,"Colquitt County, Georgia"
543,"Columbia County, Arkansas"
544,"Columbia County, Florida"
545,"Columbia County, Georgia"
546,"Columbia County, New York"
547,"Columbia County, Oregon"
548,"Columbia County, Pennsylvania"
549,"Columbia County, Wisconsin"
550,"Columbiana County, Ohio"
551,"Columbus County, North Carolina"
552,"Colusa County, California"
553,"Comal County, Texas"
554,"Comanche County, Oklahoma"
555,"Comanche County, Texas"
556,"Concordia County, Louisiana"
557,"Conecuh County, Alabama"
558,"Conejos County, Colorado"
559,"Contra Costa County, California"
560,"Converse County, Wyoming"
561,"Conway County, Arkansas"
562,"Cook County, Georgia"
563,"Cook County, Illinois"
564,"Cook County, Minnesota"
565,"Cooke County, Texas"
566,"Cooper County, Missouri"
567,"Coos County, New Hampshire"
568,"Coos County, Oregon"
569,"Coosa County, Alabama"
570,"Copiah County, Mississippi"
571,"Cortland County, New York"
572,"Coryell County, Texas"
573,"Coshocton County, Ohio"
574,"Cotton County, Oklahoma"
575,"Cottonwood County, Minnesota"
576,"Covington city, Virginia"
577,"Covington County, Alabama"
578,"Covington County, Mississippi"
579,"Coweta County, Georgia"
580,"Cowley County, Kansas"
581,"Cowlitz County, Washington"
582,"Craig County, Oklahoma"
583,"Craig County, Virginia"
584,"Craighead County, Arkansas"
585,"Crane County, Texas"
586,"Craven County, North Carolina"
587,"Crawford County, Arkansas"
588,"Crawford County, Georgia"
589,"Crawford County, Illinois"
590,"Crawford County, Indiana"
591,"Crawford County, Iowa"
592,"Crawford County, Kansas"
593,"Crawford County, Michigan"
594,"Crawford County, Missouri"
595,"Crawford County, Ohio"
596,"Crawford County, Pennsylvania"
597,"Crawford County, Wisconsin"
598,"Creek County, Oklahoma"
599,"Crenshaw County, Alabama"
600,"Crisp County, Georgia"
601,"Crittenden County, Arkansas"
602,"Crittenden County, Kentucky"
603,"Crockett County, Tennessee"
604,"Crockett County, Texas"
605,"Crook County, Oregon"
606,"Crook County, Wyoming"
607,"Crosby County, Texas"
608,"Cross County, Arkansas"
609,"Crow Wing County, Minnesota"
610,"Culberson County, Texas"
611,"Cullman County, Alabama"
612,"Culpeper County, Virginia"
613,"Cumberland County, Illinois"
614,"Cumberland County, Maine"
615,"Cumberland County, New Jersey"
616,"Cumberland County, North Carolina"
617,"Cumberland County, Pennsylvania"
618,"Cumberland County, Tennessee"
619,"Cumberland County, Virginia"
620,"Cuming County, Nebraska"
621,"Currituck County, North Carolina"
622,"Curry County, New Mexico"
623,"Curry County, Oregon"
624,"Custer County, Montana"
625,"Custer County, Nebraska"
626,"Custer County, Oklahoma"
627,"Custer County, South Dakota"
628,"Cuyahoga County, Ohio"
629,"Dade County, Georgia"
630,"Dade County, Missouri"
631,"Dakota County, Minnesota"
632,"Dakota County, Nebraska"
633,"Dale County, Alabama"
634,"Dallam County, Texas"
635,"Dallas County, Alabama"
636,"Dallas County, Arkansas"
637,"Dallas County, Iowa"
638,"Dallas County, Missouri"
639,"Dallas County, Texas"
640,"Dane County, Wisconsin"
641,"Danville city, Virginia"
642,"Dare County, North Carolina"
643,"Darke County, Ohio"
644,"Darlington County, South Carolina"
645,"Dauphin County, Pennsylvania"
646,"Davidson County, North Carolina"
647,"Davidson County, Tennessee"
648,"Davie County, North Carolina"
649,"Daviess County, Indiana"
650,"Daviess County, Kentucky"
651,"Daviess County, Missouri"
652,"Davis County, Iowa"
653,"Davis County, Utah"
654,"Davison County, South Dakota"
655,"Dawes County, Nebraska"
656,"Dawson County, Georgia"
657,"Dawson County, Montana"
658,"Dawson County, Nebraska"
659,"Dawson County, Texas"
660,"De Soto County, Louisiana"
661,"De Witt County, Illinois"
662,"Deaf Smith County, Texas"
663,"Dearborn County, Indiana"
664,"Decatur County, Georgia"
665,"Decatur County, Indiana"
666,"Decatur County, Iowa"
667,"Decatur County, Tennessee"
668,"Deer Lodge County, Montana"
669,"Defiance County, Ohio"
670,"DeKalb County, Alabama"
671,"DeKalb County, Georgia"
672,"DeKalb County, Illinois"
673,"DeKalb County, Indiana"
674,"DeKalb County, Missouri"
675,"DeKalb County, Tennessee"
676,"Del Norte County, California"
677,"Delaware County, Indiana"
678,"Delaware County, Iowa"
679,"Delaware County, New York"
680,"Delaware County, Ohio"
681,"Delaware County, Oklahoma"
682,"Delaware County, Pennsylvania"
683,"Delta County, Colorado"
684,"Delta County, Michigan"
685,"Delta County, Texas"
686,"Dent County, Missouri"
687,"Denton County, Texas"
688,"Denver County, Colorado"
689,"Des Moines County, Iowa"
690,"Deschutes County, Oregon"
691,"Desha County, Arkansas"
692,"DeSoto County, Florida"
693,"DeSoto County, Mississippi"
694,"Deuel County, Nebraska"
695,"Dewey County, South Dakota"
696,"DeWitt County, Texas"
697,"Dickenson County, Virginia"
698,"Dickinson County, Iowa"
699,"Dickinson County, Kansas"
700,"Dickinson County, Michigan"
701,"Dickson County, Tennessee"
702,"Dillon County, South Carolina"
703,"Dimmit County, Texas"
704,"Dinwiddie County, Virginia"
705,"Dixie County, Florida"
706,"Dixon County, Nebraska"
707,"Dodge County, Georgia"
708,"Dodge County, Minnesota"
709,"Dodge County, Nebraska"
710,"Dodge County, Wisconsin"
711,"Dona Ana County, New Mexico"
712,"Doniphan County, Kansas"
713,"Donley County, Texas"
714,"Dooly County, Georgia"
715,"Door County, Wisconsin"
716,"Dorchester County, Maryland"
717,"Dorchester County, South Carolina"
718,"Dougherty County, Georgia"
719,"Douglas County, Colorado"
720,"Douglas County, Georgia"
721,"Douglas County, Illinois"
722,"Douglas County, Kansas"
723,"Douglas County, Minnesota"
724,"Douglas County, Missouri"
725,"Douglas County, Nebraska"
726,"Douglas County, Nevada"
727,"Douglas County, Oregon"
728,"Douglas County, Washington"
729,"Douglas County, Wisconsin"
730,"Drew County, Arkansas"
731,"Dubois County, Indiana"
732,"Dubuque County, Iowa"
733,"Duchesne County, Utah"
734,"Dukes County, Massachusetts"
735,"Dunklin County, Missouri"
736,"Dunn County, North Dakota"
737,"Dunn County, Wisconsin"
738,"DuPage County, Illinois"
739,"Duplin County, North Carolina"
740,"Durham County, North Carolina"
741,"Dutchess County, New York"
742,"Duval County, Florida"
743,"Duval County, Texas"
744,"Dyer County, Tennessee"
745,"Eagle County, Colorado"
746,"Early County, Georgia"
747,"East Baton Rouge County, Louisiana"
748,"East Feliciana County, Louisiana"
749,"Eastland County, Texas"
750,"Eaton County, Michigan"
751,"Eau Claire County, Wisconsin"
752,"Ector County, Texas"
753,"Eddy County, New Mexico"
754,"Edgar County, Illinois"
755,"Edgecombe County, North Carolina"
756,"Edgefield County, South Carolina"
757,"Edmonson County, Kentucky"
758,"Edwards County, Illinois"
759,"Effingham County, Georgia"
760,"Effingham County, Illinois"
761,"El Dorado County, California"
762,"El Paso County, Colorado"
763,"El Paso County, Texas"
764,"Elbert County, Colorado"
765,"Elbert County, Georgia"
766,"Elk County, Pennsylvania"
767,"Elkhart County, Indiana"
768,"Elko County, Nevada"
769,"Ellis County, Kansas"
770,"Ellis County, Texas"
771,"Ellsworth County, Kansas"
772,"Elmore County, Alabama"
773,"Elmore County, Idaho"
774,"Emanuel County, Georgia"
775,"Emery County, Utah"
776,"Emmet County, Iowa"
777,"Emmet County, Michigan"
778,"Emporia city, Virginia"
779,"Erath County, Texas"
780,"Erie County, New York"
781,"Erie County, Ohio"
782,"Erie County, Pennsylvania"
783,"Escambia County, Alabama"
784,"Escambia County, Florida"
785,"Essex County, Massachusetts"
786,"Essex County, New Jersey"
787,"Essex County, New York"
788,"Essex County, Vermont"
789,"Essex County, Virginia"
790,"Estill County, Kentucky"
791,"Etowah County, Alabama"
792,"Evangeline County, Louisiana"
793,"Evans County, Georgia"
794,"Fairfax city, Virginia"
795,"Fairfax County, Virginia"
796,"Fairfield County, Connecticut"
797,"Fairfield County, Ohio"
798,"Fairfield County, South Carolina"
799,"Fall River County, South Dakota"
800,"Falls Church city, Virginia"
801,"Falls County, Texas"
802,"Fannin County, Georgia"
803,"Fannin County, Texas"
804,"Faribault County, Minnesota"
805,"Faulkner County, Arkansas"
806,"Fauquier County, Virginia"
807,"Fayette County, Alabama"
808,"Fayette County, Georgia"
809,"Fayette County, Illinois"
810,"Fayette County, Indiana"
811,"Fayette County, Iowa"
812,"Fayette County, Kentucky"
813,"Fayette County, Ohio"
814,"Fayette County, Pennsylvania"
815,"Fayette County, Tennessee"
816,"Fayette County, Texas"
817,"Fayette County, West Virginia"
818,"Fentress County, Tennessee"
819,"Fergus County, Montana"
820,"Ferry County, Washington"
821,"Fillmore County, Minnesota"
822,"Fillmore County, Nebraska"
823,"Finney County, Kansas"
824,"Flagler County, Florida"
825,"Flathead County, Montana"
826,"Fleming County, Kentucky"
827,"Florence County, South Carolina"
828,"Florence County, Wisconsin"
829,"Floyd County, Georgia"
830,"Floyd County, Indiana"
831,"Floyd County, Iowa"
832,"Floyd County, Kentucky"
833,"Floyd County, Texas"
834,"Floyd County, Virginia"
835,"Fluvanna County, Virginia"
836,"Fond du Lac County, Wisconsin"
837,"Ford County, Illinois"
838,"Ford County, Kansas"
839,"Forest County, Wisconsin"
840,"Forrest County, Mississippi"
841,"Forsyth County, Georgia"
842,"Forsyth County, North Carolina"
843,"Fort Bend County, Texas"
844,"Fountain County, Indiana"
845,"Franklin city, Virginia"
846,"Franklin County, Alabama"
847,"Franklin County, Arkansas"
848,"Franklin County, Florida"
849,"Franklin County, Georgia"
850,"Franklin County, Idaho"
851,"Franklin County, Illinois"
852,"Franklin County, Indiana"
853,"Franklin County, Iowa"
854,"Franklin County, Kansas"
855,"Franklin County, Kentucky"
856,"Franklin County, Louisiana"
857,"Franklin County, Maine"
858,"Franklin County, Massachusetts"
859,"Franklin County, Missouri"
860,"Franklin County, New York"
861,"Franklin County, North Carolina"
862,"Franklin County, Ohio"
863,"Franklin County, Pennsylvania"
864,"Franklin County, Tennessee"
865,"Franklin County, Texas"
866,"Franklin County, Vermont"
867,"Franklin County, Virginia"
868,"Franklin County, Washington"
869,"Frederick County, Maryland"
870,"Frederick County, Virginia"
871,"Fredericksburg city, Virginia"
872,"Freeborn County, Minnesota"
873,"Freestone County, Texas"
874,"Fremont County, Colorado"
875,"Fremont County, Idaho"
876,"Fremont County, Iowa"
877,"Fremont County, Wyoming"
878,"Fresno County, California"
879,"Frio County, Texas"
880,"Fulton County, Arkansas"
881,"Fulton County, Georgia"
882,"Fulton County, Illinois"
883,"Fulton County, Indiana"
884,"Fulton County, Kentucky"
885,"Fulton County, New York"
886,"Fulton County, Ohio"
887,"Fulton County, Pennsylvania"
888,"Gadsden County, Florida"
889,"Gage County, Nebraska"
890,"Gaines County, Texas"
891,"Galax city, Virginia"
892,"Gallatin County, Kentucky"
893,"Gallatin County, Montana"
894,"Gallia County, Ohio"
895,"Galveston County, Texas"
896,"Garfield County, Colorado"
897,"Garfield County, Oklahoma"
898,"Garfield County, Utah"
899,"Garland County, Arkansas"
900,"Garrard County, Kentucky"
901,"Garrett County, Maryland"
902,"Garvin County, Oklahoma"
903,"Garza County, Texas"
904,"Gasconade County, Missouri"
905,"Gaston County, North Carolina"
906,"Gates County, North Carolina"
907,"Geary County, Kansas"
908,"Geauga County, Ohio"
909,"Gem County, Idaho"
910,"Genesee County, Michigan"
911,"Genesee County, New York"
912,"Geneva County, Alabama"
913,"Gentry County, Missouri"
914,"George County, Mississippi"
915,"Georgetown County, South Carolina"
916,"Gibson County, Indiana"
917,"Gibson County, Tennessee"
918,"Gila County, Arizona"
919,"Gilchrist County, Florida"
920,"Giles County, Tennessee"
921,"Giles County, Virginia"
922,"Gillespie County, Texas"
923,"Gilmer County, Georgia"
924,"Gilpin County, Colorado"
925,"Glacier County, Montana"
926,"Glades County, Florida"
927,"Gladwin County, Michigan"
928,"Glenn County, California"
929,"Gloucester County, New Jersey"
930,"Gloucester County, Virginia"
931,"Glynn County, Georgia"
932,"Gogebic County, Michigan"
933,"Goliad County, Texas"
934,"Gonzales County, Texas"
935,"Goochland County, Virginia"
936,"Goodhue County, Minnesota"
937,"Gooding County, Idaho"
938,"Gordon County, Georgia"
939,"Goshen County, Wyoming"
940,"Grady County, Georgia"
941,"Grady County, Oklahoma"
942,"Grafton County, New Hampshire"
943,"Graham County, Arizona"
944,"Graham County, North Carolina"
945,"Grainger County, Tennessee"
946,"Grand County, Colorado"
947,"Grand County, Utah"
948,"Grand Forks County, North Dakota"
949,"Grand Isle County, Vermont"
950,"Grand Traverse County, Michigan"
951,"Grant County, Arkansas"
952,"Grant County, Indiana"
953,"Grant County, Kansas"
954,"Grant County, Kentucky"
955,"Grant County, Louisiana"
956,"Grant County, Minnesota"
957,"Grant County, New Mexico"
958,"Grant County, Oregon"
959,"Grant County, South Dakota"
960,"Grant County, Washington"
961,"Grant County, West Virginia"
962,"Grant County, Wisconsin"
963,"Granville County, North Carolina"
964,"Gratiot County, Michigan"
965,"Graves County, Kentucky"
966,"Gray County, Texas"
967,"Grays Harbor County, Washington"
968,"Grayson County, Kentucky"
969,"Grayson County, Texas"
970,"Grayson County, Virginia"
971,"Green County, Kentucky"
972,"Green County, Wisconsin"
973,"Green Lake County, Wisconsin"
974,"Greenbrier County, West Virginia"
975,"Greene County, Alabama"
976,"Greene County, Arkansas"
977,"Greene County, Georgia"
978,"Greene County, Illinois"
979,"Greene County, Indiana"
980,"Greene County, Iowa"
981,"Greene County, Mississippi"
982,"Greene County, Missouri"
983,"Greene County, New York"
984,"Greene County, North Carolina"
985,"Greene County, Ohio"
986,"Greene County, Pennsylvania"
987,"Greene County, Tennessee"
988,"Greene County, Virginia"
989,"Greenlee County, Arizona"
990,"Greensville County, Virginia"
991,"Greenup County, Kentucky"
992,"Greenville County, South Carolina"
993,"Greenwood County, Kansas"
994,"Greenwood County, South Carolina"
995,"Greer County, Oklahoma"
996,"Gregg County, Texas"
997,"Grenada County, Mississippi"
998,"Grimes County, Texas"
999,"Grundy County, Illinois"
1000,"Grundy County, Iowa"
1001,"Grundy County, Missouri"
1002,"Grundy County, Tennessee"
1003,"Guadalupe County, New Mexico"
1004,"Guadalupe County, Texas"
1005,"Guernsey County, Ohio"
1006,"Guilford County, North Carolina"
1007,"Gulf County, Florida"
1008,"Gunnison County, Colorado"
1009,"Guthrie County, Iowa"
1010,"Gwinnett County, Georgia"
1011,"Habersham County, Georgia"
1012,"Hale County, Alabama"
1013,"Hale County, Texas"
1014,"Halifax County, North Carolina"
1015,"Halifax County, Virginia"
1016,"Hall County, Georgia"
1017,"Hall County, Nebraska"
1018,"Hall County, Texas"
1019,"Hamblen County, Tennessee"
1020,"Hamilton County, Florida"
1021,"Hamilton County, Illinois"
1022,"Hamilton County, Indiana"
1023,"Hamilton County, Iowa"
1024,"Hamilton County, Nebraska"
1025,"Hamilton County, Ohio"
1026,"Hamilton County, Tennessee"
1027,"Hamilton County, Texas"
1028,"Hamlin County, South Dakota"
1029,"Hampden County, Massachusetts"
1030,"Hampshire County, Massachusetts"
1031,"Hampshire County, West Virginia"
1032,"Hampton city, Virginia"
1033,"Hampton County, South Carolina"
1034,"Hancock County, Georgia"
1035,"Hancock County, Illinois"
1036,"Hancock County, Indiana"
1037,"Hancock County, Iowa"
1038,"Hancock County, Kentucky"
1039,"Hancock County, Maine"
1040,"Hancock County, Mississippi"
1041,"Hancock County, Ohio"
1042,"Hancock County, Tennessee"
1043,"Hancock County, West Virginia"
1044,"Hanover County, Virginia"
1045,"Haralson County, Georgia"
1046,"Hardee County, Florida"
1047,"Hardeman County, Tennessee"
1048,"Hardeman County, Texas"
1049,"Hardin County, Iowa"
1050,"Hardin County, Kentucky"
1051,"Hardin County, Ohio"
1052,"Hardin County, Tennessee"
1053,"Hardin County, Texas"
1054,"Hardy County, West Virginia"
1055,"Harford County, Maryland"
1056,"Harlan County, Kentucky"
1057,"Harnett County, North Carolina"
1058,"Harney County, Oregon"
1059,"Harper County, Kansas"
1060,"Harris County, Georgia"
1061,"Harris County, Texas"
1062,"Harrison County, Indiana"
1063,"Harrison County, Iowa"
1064,"Harrison County, Kentucky"
1065,"Harrison County, Mississippi"
1066,"Harrison County, Missouri"
1067,"Harrison County, Ohio"
1068,"Harrison County, Texas"
1069,"Harrison County, West Virginia"
1070,"Harrisonburg city, Virginia"
1071,"Hart County, Georgia"
1072,"Hart County, Kentucky"
1073,"Hartford County, Connecticut"
1074,"Hartley County, Texas"
1075,"Harvey County, Kansas"
1076,"Haskell County, Oklahoma"
1077,"Haskell County, Texas"
1078,"Hawaii County, Hawaii"
1079,"Hawkins County, Tennessee"
1080,"Hays County, Texas"
1081,"Haywood County, North Carolina"
1082,"Haywood County, Tennessee"
1083,"Heard County, Georgia"
1084,"Hempstead County, Arkansas"
1085,"Henderson County, Illinois"
1086,"Henderson County, Kentucky"
1087,"Henderson County, North Carolina"
1088,"Henderson County, Tennessee"
1089,"Henderson County, Texas"
1090,"Hendricks County, Indiana"
1091,"Hendry County, Florida"
1092,"Hennepin County, Minnesota"
1093,"Henrico County, Virginia"
1094,"Henry County, Alabama"
1095,"Henry County, Georgia"
1096,"Henry County, Illinois"
1097,"Henry County, Indiana"
1098,"Henry County, Iowa"
1099,"Henry County, Kentucky"
1100,"Henry County, Missouri"
1101,"Henry County, Ohio"
1102,"Henry County, Tennessee"
1103,"Henry County, Virginia"
1104,"Herkimer County, New York"
1105,"Hernando County, Florida"
1106,"Hertford County, North Carolina"
1107,"Hickman County, Tennessee"
1108,"Hickory County, Missouri"
1109,"Hidalgo County, New Mexico"
1110,"Hidalgo County, Texas"
1111,"Highland County, Ohio"
1112,"Highlands County, Florida"
1113,"Hill County, Montana"
1114,"Hill County, Texas"
1115,"Hillsborough County, Florida"
1116,"Hillsborough County, New Hampshire"
1117,"Hillsdale County, Michigan"
1118,"Hinds County, Mississippi"
1119,"Hocking County, Ohio"
1120,"Hockley County, Texas"
1121,"Hoke County, North Carolina"
1122,"Holmes County, Florida"
1123,"Holmes County, Mississippi"
1124,"Holmes County, Ohio"
1125,"Holt County, Nebraska"
1126,"Honolulu County, Hawaii"
1127,"Hood County, Texas"
1128,"Hood River County, Oregon"
1129,"Hopewell city, Virginia"
1130,"Hopkins County, Kentucky"
1131,"Hopkins County, Texas"
1132,"Horry County, South Carolina"
1133,"Hot Spring County, Arkansas"
1134,"Hot Springs County, Wyoming"
1135,"Houghton County, Michigan"
1136,"Houston County, Alabama"
1137,"Houston County, Georgia"
1138,"Houston County, Minnesota"
1139,"Houston County, Tennessee"
1140,"Houston County, Texas"
1141,"Howard County, Arkansas"
1142,"Howard County, Indiana"
1143,"Howard County, Iowa"
1144,"Howard County, Maryland"
1145,"Howard County, Missouri"
1146,"Howard County, Nebraska"
1147,"Howard County, Texas"
1148,"Howell County, Missouri"
1149,"Hubbard County, Minnesota"
1150,"Hudson County, New Jersey"
1151,"Huerfano County, Colorado"
1152,"Hughes County, Oklahoma"
1153,"Hughes County, South Dakota"
1154,"Humboldt County, California"
1155,"Humboldt County, Iowa"
1156,"Humboldt County, Nevada"
1157,"Humphreys County, Mississippi"
1158,"Humphreys County, Tennessee"
1159,"Hunt County, Texas"
1160,"Hunterdon County, New Jersey"
1161,"Huntingdon County, Pennsylvania"
1162,"Huntington County, Indiana"
1163,"Huron County, Michigan"
1164,"Huron County, Ohio"
1165,"Hutchinson County, South Dakota"
1166,"Hutchinson County, Texas"
1167,"Iberia County, Louisiana"
1168,"Iberville County, Louisiana"
1169,"Ida County, Iowa"
1170,"Idaho County, Idaho"
1171,"Imperial County, California"
1172,"Independence County, Arkansas"
1173,"Indian River County, Florida"
1174,"Indiana County, Pennsylvania"
1175,"Ingham County, Michigan"
1176,"Inyo County, California"
1177,"Iowa County, Iowa"
1178,"Iowa County, Wisconsin"
1179,"Iroquois County, Illinois"
1180,"Irwin County, Georgia"
1181,"Isabella County, Michigan"
1182,"Isanti County, Minnesota"
1183,"Island County, Washington"
1184,"Isle of Wight County, Virginia"
1185,"Itasca County, Minnesota"
1186,"Itawamba County, Mississippi"
1187,"Izard County, Arkansas"
1188,"Jack County, Texas"
1189,"Jackson County, Alabama"
1190,"Jackson County, Arkansas"
1191,"Jackson County, Florida"
1192,"Jackson County, Georgia"
1193,"Jackson County, Illinois"
1194,"Jackson County, Indiana"
1195,"Jackson County, Iowa"
1196,"Jackson County, Kansas"
1197,"Jackson County, Kentucky"
1198,"Jackson County, Louisiana"
1199,"Jackson County, Michigan"
1200,"Jackson County, Minnesota"
1201,"Jackson County, Mississippi"
1202,"Jackson County, Missouri"
1203,"Jackson County, North Carolina"
1204,"Jackson County, Ohio"
1205,"Jackson County, Oklahoma"
1206,"Jackson County, Oregon"
1207,"Jackson County, Tennessee"
1208,"Jackson County, Texas"
1209,"Jackson County, West Virginia"
1210,"Jackson County, Wisconsin"
1211,"James City County, Virginia"
1212,"Jasper County, Georgia"
1213,"Jasper County, Illinois"
1214,"Jasper County, Indiana"
1215,"Jasper County, Iowa"
1216,"Jasper County, Mississippi"
1217,"Jasper County, Missouri"
1218,"Jasper County, South Carolina"
1219,"Jasper County, Texas"
1220,"Jay County, Indiana"
1221,"Jeff Davis County, Georgia"
1222,"Jefferson County, Alabama"
1223,"Jefferson County, Arkansas"
1224,"Jefferson County, Colorado"
1225,"Jefferson County, Florida"
1226,"Jefferson County, Georgia"
1227,"Jefferson County, Idaho"
1228,"Jefferson County, Illinois"
1229,"Jefferson County, Indiana"
1230,"Jefferson County, Iowa"
1231,"Jefferson County, Kansas"
1232,"Jefferson County, Kentucky"
1233,"Jefferson County, Louisiana"
1234,"Jefferson County, Missouri"
1235,"Jefferson County, Montana"
1236,"Jefferson County, Nebraska"
1237,"Jefferson County, New York"
1238,"Jefferson County, Ohio"
1239,"Jefferson County, Oklahoma"
1240,"Jefferson County, Oregon"
1241,"Jefferson County, Pennsylvania"
1242,"Jefferson County, Tennessee"
1243,"Jefferson County, Texas"
1244,"Jefferson County, Washington"
1245,"Jefferson County, West Virginia"
1246,"Jefferson County, Wisconsin"
1247,"Jefferson Davis County, Louisiana"
1248,"Jefferson Davis County, Mississippi"
1249,"Jenkins County, Georgia"
1250,"Jennings County, Indiana"
1251,"Jerome County, Idaho"
1252,"Jersey County, Illinois"
1253,"Jessamine County, Kentucky"
1254,"Jim Hogg County, Texas"
1255,"Jim Wells County, Texas"
1256,"Jo Daviess County, Illinois"
1257,"Johnson County, Arkansas"
1258,"Johnson County, Georgia"
1259,"Johnson County, Illinois"
1260,"Johnson County, Indiana"
1261,"Johnson County, Iowa"
1262,"Johnson County, Kansas"
1263,"Johnson County, Kentucky"
1264,"Johnson County, Missouri"
1265,"Johnson County, Tennessee"
1266,"Johnson County, Texas"
1267,"Johnson County, Wyoming"
1268,"Johnston County, North Carolina"
1269,"Johnston County, Oklahoma"
1270,"Jones County, Georgia"
1271,"Jones County, Iowa"
1272,"Jones County, Mississippi"
1273,"Jones County, North Carolina"
1274,"Jones County, Texas"
1275,"Josephine County, Oregon"
1276,"Juab County, Utah"
1277,"Juneau County, Wisconsin"
1278,"Juniata County, Pennsylvania"
1279,"Kalamazoo County, Michigan"
1280,"Kalkaska County, Michigan"
1281,"Kanabec County, Minnesota"
1282,"Kanawha County, West Virginia"
1283,"Kandiyohi County, Minnesota"
1284,"Kane County, Illinois"
1285,"Kane County, Utah"
1286,"Kankakee County, Illinois"
1287,"Karnes County, Texas"
1288,"Kauai County, Hawaii"
1289,"Kaufman County, Texas"
1290,"Kay County, Oklahoma"
1291,"Kearney County, Nebraska"
1292,"Keith County, Nebraska"
1293,"Kemper County, Mississippi"
1294,"Kenai Peninsula Borough, Alaska"
1295,"Kendall County, Illinois"
1296,"Kendall County, Texas"
1297,"Kennebec County, Maine"
1298,"Kenosha County, Wisconsin"
1299,"Kent County, Delaware"
1300,"Kent County, Maryland"
1301,"Kent County, Michigan"
1302,"Kent County, Rhode Island"
1303,"Kenton County, Kentucky"
1304,"Keokuk County, Iowa"
1305,"Kern County, California"
1306,"Kerr County, Texas"
1307,"Kershaw County, South Carolina"
1308,"Kewaunee County, Wisconsin"
1309,"Kimball County, Nebraska"
1310,"Kimble County, Texas"
1311,"King and Queen County, Virginia"
1312,"King County, Washington"
1313,"King George County, Virginia"
1314,"King William County, Virginia"
1315,"Kingfisher County, Oklahoma"
1316,"Kingman County, Kansas"
1317,"Kings County, California"
1318,"Kings County, New York"
1319,"Kingsbury County, South Dakota"
1320,"Kiowa County, Oklahoma"
1321,"Kit Carson County, Colorado"
1322,"Kitsap County, Washington"
1323,"Kittitas County, Washington"
1324,"Klamath County, Oregon"
1325,"Kleberg County, Texas"
1326,"Klickitat County, Washington"
1327,"Knott County, Kentucky"
1328,"Knox County, Illinois"
1329,"Knox County, Indiana"
1330,"Knox County, Kentucky"
1331,"Knox County, Maine"
1332,"Knox County, Nebraska"
1333,"Knox County, Ohio"
1334,"Knox County, Tennessee"
1335,"Koochiching County, Minnesota"
1336,"Kootenai County, Idaho"
1337,"Kosciusko County, Indiana"
1338,"Kossuth County, Iowa"
1339,"La Crosse County, Wisconsin"
1340,"La Paz County, Arizona"
1341,"La Plata County, Colorado"
1342,"La Salle County, Louisiana"
1343,"La Salle County, Texas"
1344,"Labette County, Kansas"
1345,"Lac qui Parle County, Minnesota"
1346,"Lackawanna County, Pennsylvania"
1347,"Laclede County, Missouri"
1348,"Lafayette County, Florida"
1349,"Lafayette County, Louisiana"
1350,"Lafayette County, Mississippi"
1351,"Lafayette County, Missouri"
1352,"Lafayette County, Wisconsin"
1353,"Lafourche County, Louisiana"
1354,"LaGrange County, Indiana"
1355,"Lake County, California"
1356,"Lake County, Colorado"
1357,"Lake County, Florida"
1358,"Lake County, Illinois"
1359,"Lake County, Indiana"
1360,"Lake County, Michigan"
1361,"Lake County, Minnesota"
1362,"Lake County, Montana"
1363,"Lake County, Ohio"
1364,"Lake County, Oregon"
1365,"Lake County, South Dakota"
1366,"Lake of the Woods County, Minnesota"
1367,"Lamar County, Alabama"
1368,"Lamar County, Georgia"
1369,"Lamar County, Mississippi"
1370,"Lamar County, Texas"
1371,"Lamb County, Texas"
1372,"Lamoille County, Vermont"
1373,"Lampasas County, Texas"
1374,"Lancaster County, Nebraska"
1375,"Lancaster County, Pennsylvania"
1376,"Lancaster County, South Carolina"
1377,"Lancaster County, Virginia"
1378,"Lander County, Nevada"
1379,"Lane County, Oregon"
1380,"Langlade County, Wisconsin"
1381,"Lanier County, Georgia"
1382,"Lapeer County, Michigan"
1383,"LaPorte County, Indiana"
1384,"Laramie County, Wyoming"
1385,"Larimer County, Colorado"
1386,"Larue County, Kentucky"
1387,"Las Animas County, Colorado"
1388,"LaSalle County, Illinois"
1389,"Lassen County, California"
1390,"Latah County, Idaho"
1391,"Latimer County, Oklahoma"
1392,"Lauderdale County, Alabama"
1393,"Lauderdale County, Mississippi"
1394,"Lauderdale County, Tennessee"
1395,"Laurel County, Kentucky"
1396,"Laurens County, Georgia"
1397,"Laurens County, South Carolina"
1398,"Lavaca County, Texas"
1399,"Lawrence County, Alabama"
1400,"Lawrence County, Arkansas"
1401,"Lawrence County, Illinois"
1402,"Lawrence County, Indiana"
1403,"Lawrence County, Kentucky"
1404,"Lawrence County, Mississippi"
1405,"Lawrence County, Missouri"
1406,"Lawrence County, Ohio"
1407,"Lawrence County, Pennsylvania"
1408,"Lawrence County, South Dakota"
1409,"Lawrence County, Tennessee"
1410,"Le Flore County, Oklahoma"
1411,"Le Sueur County, Minnesota"
1412,"Lea County, New Mexico"
1413,"Leake County, Mississippi"
1414,"Leavenworth County, Kansas"
1415,"Lebanon County, Pennsylvania"
1416,"Lee County, Alabama"
1417,"Lee County, Florida"
1418,"Lee County, Georgia"
1419,"Lee County, Illinois"
1420,"Lee County, Iowa"
1421,"Lee County, Mississippi"
1422,"Lee County, North Carolina"
1423,"Lee County, South Carolina"
1424,"Lee County, Texas"
1425,"Lee County, Virginia"
1426,"Leelanau County, Michigan"
1427,"Leflore County, Mississippi"
1428,"Lehigh County, Pennsylvania"
1429,"Lemhi County, Idaho"
1430,"Lenawee County, Michigan"
1431,"Lenoir County, North Carolina"
1432,"Leon County, Florida"
1433,"Leon County, Texas"
1434,"Letcher County, Kentucky"
1435,"Levy County, Florida"
1436,"Lewis and Clark County, Montana"
1437,"Lewis County, Kentucky"
1438,"Lewis County, Missouri"
1439,"Lewis County, New York"
1440,"Lewis County, Tennessee"
1441,"Lewis County, Washington"
1442,"Lewis County, West Virginia"
1443,"Lexington city, Virginia"
1444,"Lexington County, South Carolina"
1445,"Liberty County, Florida"
1446,"Liberty County, Georgia"
1447,"Liberty County, Texas"
1448,"Licking County, Ohio"
1449,"Limestone County, Alabama"
1450,"Limestone County, Texas"
1451,"Lincoln County, Arkansas"
1452,"Lincoln County, Colorado"
1453,"Lincoln County, Georgia"
1454,"Lincoln County, Idaho"
1455,"Lincoln County, Kentucky"
1456,"Lincoln County, Louisiana"
1457,"Lincoln County, Maine"
1458,"Lincoln County, Minnesota"
1459,"Lincoln County, Mississippi"
1460,"Lincoln County, Missouri"
1461,"Lincoln County, Montana"
1462,"Lincoln County, Nebraska"
1463,"Lincoln County, New Mexico"
1464,"Lincoln County, North Carolina"
1465,"Lincoln County, Oklahoma"
1466,"Lincoln County, Oregon"
1467,"Lincoln County, South Dakota"
1468,"Lincoln County, Tennessee"
1469,"Lincoln County, Washington"
1470,"Lincoln County, West Virginia"
1471,"Lincoln County, Wisconsin"
1472,"Lincoln County, Wyoming"
1473,"Linn County, Iowa"
1474,"Linn County, Kansas"
1475,"Linn County, Missouri"
1476,"Linn County, Oregon"
1477,"Litchfield County, Connecticut"
1478,"Little River County, Arkansas"
1479,"Live Oak County, Texas"
1480,"Livingston County, Illinois"
1481,"Livingston County, Kentucky"
1482,"Livingston County, Louisiana"
1483,"Livingston County, Michigan"
1484,"Livingston County, Missouri"
1485,"Livingston County, New York"
1486,"Llano County, Texas"
1487,"Logan County, Arkansas"
1488,"Logan County, Colorado"
1489,"Logan County, Illinois"
1490,"Logan County, Kentucky"
1491,"Logan County, Ohio"
1492,"Logan County, Oklahoma"
1493,"Logan County, West Virginia"
1494,"Long County, Georgia"
1495,"Lonoke County, Arkansas"
1496,"Lorain County, Ohio"
1497,"Los Alamos County, New Mexico"
1498,"Los Angeles County, California"
1499,"Loudon County, Tennessee"
1500,"Loudoun County, Virginia"
1501,"Louisa County, Iowa"
1502,"Louisa County, Virginia"
1503,"Love County, Oklahoma"
1504,"Loving County, Texas"
1505,"Lowndes County, Alabama"
1506,"Lowndes County, Georgia"
1507,"Lowndes County, Mississippi"
1508,"Lubbock County, Texas"
1509,"Lucas County, Iowa"
1510,"Lucas County, Ohio"
1511,"Luce County, Michigan"
1512,"Lumpkin County, Georgia"
1513,"Luna County, New Mexico"
1514,"Lunenburg County, Virginia"
1515,"Luzerne County, Pennsylvania"
1516,"Lycoming County, Pennsylvania"
1517,"Lynchburg city, Virginia"
1518,"Lynn County, Texas"
1519,"Lyon County, Iowa"
1520,"Lyon County, Kansas"
1521,"Lyon County, Kentucky"
1522,"Lyon County, Minnesota"
1523,"Lyon County, Nevada"
1524,"Mackinac County, Michigan"
1525,"Macomb County, Michigan"
1526,"Macon County, Alabama"
1527,"Macon County, Georgia"
1528,"Macon County, Illinois"
1529,"Macon County, Missouri"
1530,"Macon County, North Carolina"
1531,"Macon County, Tennessee"
1532,"Macoupin County, Illinois"
1533,"Madera County, California"
1534,"Madison County, Alabama"
1535,"Madison County, Arkansas"
1536,"Madison County, Florida"
1537,"Madison County, Georgia"
1538,"Madison County, Idaho"
1539,"Madison County, Illinois"
1540,"Madison County, Indiana"
1541,"Madison County, Iowa"
1542,"Madison County, Kentucky"
1543,"Madison County, Louisiana"
1544,"Madison County, Mississippi"
1545,"Madison County, Missouri"
1546,"Madison County, Montana"
1547,"Madison County, Nebraska"
1548,"Madison County, New York"
1549,"Madison County, North Carolina"
1550,"Madison County, Ohio"
1551,"Madison County, Tennessee"
1552,"Madison County, Texas"
1553,"Madison County, Virginia"
1554,"Mahaska County, Iowa"
1555,"Mahnomen County, Minnesota"
1556,"Mahoning County, Ohio"
1557,"Major County, Oklahoma"
1558,"Malheur County, Oregon"
1559,"Manassas city, Virginia"
1560,"Manassas Park city, Virginia"
1561,"Manatee County, Florida"
1562,"Manistee County, Michigan"
1563,"Manitowoc County, Wisconsin"
1564,"Marathon County, Wisconsin"
1565,"Marengo County, Alabama"
1566,"Maricopa County, Arizona"
1567,"Maries County, Missouri"
1568,"Marin County, California"
1569,"Marinette County, Wisconsin"
1570,"Marion County, Alabama"
1571,"Marion County, Arkansas"
1572,"Marion County, Florida"
1573,"Marion County, Georgia"
1574,"Marion County, Illinois"
1575,"Marion County, Indiana"
1576,"Marion County, Iowa"
1577,"Marion County, Kansas"
1578,"Marion County, Kentucky"
1579,"Marion County, Mississippi"
1580,"Marion County, Missouri"
1581,"Marion County, Ohio"
1582,"Marion County, Oregon"
1583,"Marion County, South Carolina"
1584,"Marion County, Tennessee"
1585,"Marion County, Texas"
1586,"Marion County, West Virginia"
1587,"Mariposa County, California"
1588,"Marlboro County, South Carolina"
1589,"Marquette County, Michigan"
1590,"Marquette County, Wisconsin"
1591,"Marshall County, Alabama"
1592,"Marshall County, Illinois"
1593,"Marshall County, Indiana"
1594,"Marshall County, Iowa"
1595,"Marshall County, Kansas"
1596,"Marshall County, Kentucky"
1597,"Marshall County, Minnesota"
1598,"Marshall County, Mississippi"
1599,"Marshall County, Oklahoma"
1600,"Marshall County, Tennessee"
1601,"Marshall County, West Virginia"
1602,"Martin County, Florida"
1603,"Martin County, Indiana"
1604,"Martin County, Minnesota"
1605,"Martin County, North Carolina"
1606,"Martin County, Texas"
1607,"Martinsville city, Virginia"
1608,"Mason County, Illinois"
1609,"Mason County, Kentucky"
1610,"Mason County, Michigan"
1611,"Mason County, Washington"
1612,"Mason County, West Virginia"
1613,"Massac County, Illinois"
1614,"Matagorda County, Texas"
1615,"Mathews County, Virginia"
1616,"Maui County, Hawaii"
1617,"Maury County, Tennessee"
1618,"Maverick County, Texas"
1619,"Mayes County, Oklahoma"
1620,"McClain County, Oklahoma"
1621,"McCook County, South Dakota"
1622,"McCormick County, South Carolina"
1623,"McCracken County, Kentucky"
1624,"McCreary County, Kentucky"
1625,"McCulloch County, Texas"
1626,"McCurtain County, Oklahoma"
1627,"McDonald County, Missouri"
1628,"McDonough County, Illinois"
1629,"McDowell County, North Carolina"
1630,"McDowell County, West Virginia"
1631,"McDuffie County, Georgia"
1632,"McHenry County, Illinois"
1633,"McIntosh County, Georgia"
1634,"McIntosh County, Oklahoma"
1635,"McKean County, Pennsylvania"
1636,"McKenzie County, North Dakota"
1637,"McKinley County, New Mexico"
1638,"McLean County, Illinois"
1639,"McLean County, Kentucky"
1640,"McLean County, North Dakota"
1641,"McLennan County, Texas"
1642,"McLeod County, Minnesota"
1643,"McMinn County, Tennessee"
1644,"McMullen County, Texas"
1645,"McNairy County, Tennessee"
1646,"McPherson County, Kansas"
1647,"Meade County, Kentucky"
1648,"Meade County, South Dakota"
1649,"Mecklenburg County, North Carolina"
1650,"Mecklenburg County, Virginia"
1651,"Mecosta County, Michigan"
1652,"Medina County, Ohio"
1653,"Medina County, Texas"
1654,"Meeker County, Minnesota"
1655,"Meigs County, Ohio"
1656,"Meigs County, Tennessee"
1657,"Menard County, Illinois"
1658,"Mendocino County, California"
1659,"Menifee County, Kentucky"
1660,"Menominee County, Michigan"
1661,"Merced County, California"
1662,"Mercer County, Illinois"
1663,"Mercer County, Kentucky"
1664,"Mercer County, New Jersey"
1665,"Mercer County, North Dakota"
1666,"Mercer County, Ohio"
1667,"Mercer County, Pennsylvania"
1668,"Mercer County, West Virginia"
1669,"Meriwether County, Georgia"
1670,"Merrick County, Nebraska"
1671,"Merrimack County, New Hampshire"
1672,"Mesa County, Colorado"
1673,"Metcalfe County, Kentucky"
1674,"Miami County, Indiana"
1675,"Miami County, Kansas"
1676,"Miami County, Ohio"
1677,"Miami-Dade County, Florida"
1678,"Middlesex County, Connecticut"
1679,"Middlesex County, Massachusetts"
1680,"Middlesex County, New Jersey"
1681,"Middlesex County, Virginia"
1682,"Midland County, Michigan"
1683,"Midland County, Texas"
1684,"Mifflin County, Pennsylvania"
1685,"Milam County, Texas"
1686,"Millard County, Utah"
1687,"Mille Lacs County, Minnesota"
1688,"Miller County, Arkansas"
1689,"Miller County, Georgia"
1690,"Miller County, Missouri"
1691,"Mills County, Iowa"
1692,"Milwaukee County, Wisconsin"
1693,"Mineral County, Montana"
1694,"Mineral County, Nevada"
1695,"Mineral County, West Virginia"
1696,"Mingo County, West Virginia"
1697,"Minidoka County, Idaho"
1698,"Minnehaha County, South Dakota"
1699,"Missaukee County, Michigan"
1700,"Mississippi County, Arkansas"
1701,"Mississippi County, Missouri"
1702,"Missoula County, Montana"
1703,"Mitchell County, Georgia"
1704,"Mitchell County, Iowa"
1705,"Mitchell County, Kansas"
1706,"Mitchell County, North Carolina"
1707,"Mitchell County, Texas"
1708,"Mobile County, Alabama"
1709,"Modoc County, California"
1710,"Moffat County, Colorado"
1711,"Mohave County, Arizona"
1712,"Moniteau County, Missouri"
1713,"Monmouth County, New Jersey"
1714,"Mono County, California"
1715,"Monona County, Iowa"
1716,"Monongalia County, West Virginia"
1717,"Monroe County, Alabama"
1718,"Monroe County, Arkansas"
1719,"Monroe County, Florida"
1720,"Monroe County, Georgia"
1721,"Monroe County, Illinois"
1722,"Monroe County, Indiana"
1723,"Monroe County, Iowa"
1724,"Monroe County, Kentucky"
1725,"Monroe County, Michigan"
1726,"Monroe County, Mississippi"
1727,"Monroe County, Missouri"
1728,"Monroe County, New York"
1729,"Monroe County, Ohio"
1730,"Monroe County, Pennsylvania"
1731,"Monroe County, Tennessee"
1732,"Monroe County, West Virginia"
1733,"Monroe County, Wisconsin"
1734,"Montague County, Texas"
1735,"Montcalm County, Michigan"
1736,"Monterey County, California"
1737,"Montezuma County, Colorado"
1738,"Montgomery County, Alabama"
1739,"Montgomery County, Arkansas"
1740,"Montgomery County, Georgia"
1741,"Montgomery County, Illinois"
1742,"Montgomery County, Indiana"
1743,"Montgomery County, Iowa"
1744,"Montgomery County, Kansas"
1745,"Montgomery County, Kentucky"
1746,"Montgomery County, Maryland"
1747,"Montgomery County, Mississippi"
1748,"Montgomery County, Missouri"
1749,"Montgomery County, New York"
1750,"Montgomery County, North Carolina"
1751,"Montgomery County, Ohio"
1752,"Montgomery County, Pennsylvania"
1753,"Montgomery County, Tennessee"
1754,"Montgomery County, Texas"
1755,"Montgomery County, Virginia"
1756,"Montmorency County, Michigan"
1757,"Montour County, Pennsylvania"
1758,"Montrose County, Colorado"
1759,"Moody County, South Dakota"
1760,"Moore County, North Carolina"
1761,"Moore County, Tennessee"
1762,"Moore County, Texas"
1763,"Morehouse County, Louisiana"
1764,"Morgan County, Alabama"
1765,"Morgan County, Colorado"
1766,"Morgan County, Georgia"
1767,"Morgan County, Illinois"
1768,"Morgan County, Indiana"
1769,"Morgan County, Kentucky"
1770,"Morgan County, Missouri"
1771,"Morgan County, Ohio"
1772,"Morgan County, Tennessee"
1773,"Morgan County, Utah"
1774,"Morgan County, West Virginia"
1775,"Morrill County, Nebraska"
1776,"Morris County, Kansas"
1777,"Morris County, New Jersey"
1778,"Morris County, Texas"
1779,"Morrison County, Minnesota"
1780,"Morrow County, Ohio"
1781,"Morrow County, Oregon"
1782,"Morton County, North Dakota"
1783,"Moultrie County, Illinois"
1784,"Mountrail County, North Dakota"
1785,"Mower County, Minnesota"
1786,"Muhlenberg County, Kentucky"
1787,"Multnomah County, Oregon"
1788,"Murray County, Georgia"
1789,"Murray County, Minnesota"
1790,"Murray County, Oklahoma"
1791,"Muscatine County, Iowa"
1792,"Muscogee County, Georgia"
1793,"Muskegon County, Michigan"
1794,"Muskingum County, Ohio"
1795,"Muskogee County, Oklahoma"
1796,"Nacogdoches County, Texas"
1797,"Nantucket County, Massachusetts"
1798,"Napa County, California"
1799,"Nash County, North Carolina"
1800,"Nassau County, Florida"
1801,"Nassau County, New York"
1802,"Natchitoches County, Louisiana"
1803,"Natrona County, Wyoming"
1804,"Navajo County, Arizona"
1805,"Navarro County, Texas"
1806,"Nelson County, Kentucky"
1807,"Nelson County, Virginia"
1808,"Nemaha County, Kansas"
1809,"Nemaha County, Nebraska"
1810,"Neosho County, Kansas"
1811,"Neshoba County, Mississippi"
1812,"Nevada County, Arkansas"
1813,"Nevada County, California"
1814,"New Castle County, Delaware"
1815,"New Hanover County, North Carolina"
1816,"New Haven County, Connecticut"
1817,"New Kent County, Virginia"
1818,"New London County, Connecticut"
1819,"New Madrid County, Missouri"
1820,"New York County, New York"
1821,"Newaygo County, Michigan"
1822,"Newberry County, South Carolina"
1823,"Newport County, Rhode Island"
1824,"Newport News city, Virginia"
1825,"Newton County, Arkansas"
1826,"Newton County, Georgia"
1827,"Newton County, Indiana"
1828,"Newton County, Mississippi"
1829,"Newton County, Missouri"
1830,"Newton County, Texas"
1831,"Nez Perce County, Idaho"
1832,"Niagara County, New York"
1833,"Nicholas County, Kentucky"
1834,"Nicholas County, West Virginia"
1835,"Nicollet County, Minnesota"
1836,"Noble County, Indiana"
1837,"Noble County, Ohio"
1838,"Noble County, Oklahoma"
1839,"Nobles County, Minnesota"
1840,"Nodaway County, Missouri"
1841,"Nolan County, Texas"
1842,"Norfolk city, Virginia"
1843,"Norfolk County, Massachusetts"
1844,"Norman County, Minnesota"
1845,"Northampton County, North Carolina"
1846,"Northampton County, Pennsylvania"
1847,"Northampton County, Virginia"
1848,"Northumberland County, Pennsylvania"
1849,"Northumberland County, Virginia"
1850,"Norton city, Virginia"
1851,"Nottoway County, Virginia"
1852,"Nowata County, Oklahoma"
1853,"Noxubee County, Mississippi"
1854,"Nueces County, Texas"
1855,"Nye County, Nevada"
1856,"Oakland County, Michigan"
1857,"Obion County, Tennessee"
1858,"Ocean County, New Jersey"
1859,"Oceana County, Michigan"
1860,"Ochiltree County, Texas"
1861,"Oconee County, Georgia"
1862,"Oconee County, South Carolina"
1863,"Oconto County, Wisconsin"
1864,"Ogemaw County, Michigan"
1865,"Ogle County, Illinois"
1866,"Oglethorpe County, Georgia"
1867,"Ohio County, Indiana"
1868,"Ohio County, Kentucky"
1869,"Ohio County, West Virginia"
1870,"Okaloosa County, Florida"
1871,"Okanogan County, Washington"
1872,"Okeechobee County, Florida"
1873,"Okfuskee County, Oklahoma"
1874,"Oklahoma County, Oklahoma"
1875,"Okmulgee County, Oklahoma"
1876,"Oktibbeha County, Mississippi"
1877,"Oldham County, Kentucky"
1878,"Oldham County, Texas"
1879,"Olmsted County, Minnesota"
1880,"Oneida County, Idaho"
1881,"Oneida County, New York"
1882,"Oneida County, Wisconsin"
1883,"Onondaga County, New York"
1884,"Onslow County, North Carolina"
1885,"Ontario County, New York"
1886,"Ontonagon County, Michigan"
1887,"Orange County, California"
1888,"Orange County, Florida"
1889,"Orange County, Indiana"
1890,"Orange County, New York"
1891,"Orange County, North Carolina"
1892,"Orange County, Texas"
1893,"Orange County, Vermont"
1894,"Orange County, Virginia"
1895,"Orangeburg County, South Carolina"
1896,"Oregon County, Missouri"
1897,"Orleans County, Louisiana"
1898,"Orleans County, New York"
1899,"Orleans County, Vermont"
1900,"Osage County, Kansas"
1901,"Osage County, Missouri"
1902,"Osage County, Oklahoma"
1903,"Osceola County, Florida"
1904,"Osceola County, Iowa"
1905,"Osceola County, Michigan"
1906,"Oscoda County, Michigan"
1907,"Oswego County, New York"
1908,"Otero County, Colorado"
1909,"Otero County, New Mexico"
1910,"Otoe County, Nebraska"
1911,"Otsego County, Michigan"
1912,"Otsego County, New York"
1913,"Ottawa County, Kansas"
1914,"Ottawa County, Michigan"
1915,"Ottawa County, Ohio"
1916,"Ottawa County, Oklahoma"
1917,"Otter Tail County, Minnesota"
1918,"Ouachita County, Arkansas"
1919,"Ouachita County, Louisiana"
1920,"Ouray County, Colorado"
1921,"Outagamie County, Wisconsin"
1922,"Overton County, Tennessee"
1923,"Owen County, Indiana"
1924,"Owen County, Kentucky"
1925,"Owyhee County, Idaho"
1926,"Oxford County, Maine"
1927,"Ozark County, Missouri"
1928,"Ozaukee County, Wisconsin"
1929,"Pacific County, Washington"
1930,"Page County, Iowa"
1931,"Page County, Virginia"
1932,"Palm Beach County, Florida"
1933,"Palo Alto County, Iowa"
1934,"Palo Pinto County, Texas"
1935,"Pamlico County, North Carolina"
1936,"Panola County, Mississippi"
1937,"Panola County, Texas"
1938,"Park County, Colorado"
1939,"Park County, Montana"
1940,"Park County, Wyoming"
1941,"Parke County, Indiana"
1942,"Parker County, Texas"
1943,"Parmer County, Texas"
1944,"Pasco County, Florida"
1945,"Pasquotank County, North Carolina"
1946,"Passaic County, New Jersey"
1947,"Patrick County, Virginia"
1948,"Paulding County, Georgia"
1949,"Paulding County, Ohio"
1950,"Pawnee County, Kansas"
1951,"Pawnee County, Oklahoma"
1952,"Payette County, Idaho"
1953,"Payne County, Oklahoma"
1954,"Peach County, Georgia"
1955,"Pearl River County, Mississippi"
1956,"Pecos County, Texas"
1957,"Pembina County, North Dakota"
1958,"Pemiscot County, Missouri"
1959,"Pend Oreille County, Washington"
1960,"Pender County, North Carolina"
1961,"Pendleton County, Kentucky"
1962,"Pennington County, Minnesota"
1963,"Pennington County, South Dakota"
1964,"Penobscot County, Maine"
1965,"Peoria County, Illinois"
1966,"Pepin County, Wisconsin"
1967,"Perquimans County, North Carolina"
1968,"Perry County, Alabama"
1969,"Perry County, Arkansas"
1970,"Perry County, Illinois"
1971,"Perry County, Indiana"
1972,"Perry County, Kentucky"
1973,"Perry County, Mississippi"
1974,"Perry County, Missouri"
1975,"Perry County, Ohio"
1976,"Perry County, Pennsylvania"
1977,"Perry County, Tennessee"
1978,"Pershing County, Nevada"
1979,"Person County, North Carolina"
1980,"Petersburg city, Virginia"
1981,"Pettis County, Missouri"
1982,"Phelps County, Missouri"
1983,"Phelps County, Nebraska"
1984,"Philadelphia County, Pennsylvania"
1985,"Phillips County, Arkansas"
1986,"Piatt County, Illinois"
1987,"Pickaway County, Ohio"
1988,"Pickens County, Alabama"
1989,"Pickens County, Georgia"
1990,"Pickens County, South Carolina"
1991,"Pierce County, Georgia"
1992,"Pierce County, Nebraska"
1993,"Pierce County, Washington"
1994,"Pierce County, Wisconsin"
1995,"Pike County, Alabama"
1996,"Pike County, Arkansas"
1997,"Pike County, Georgia"
1998,"Pike County, Illinois"
1999,"Pike County, Indiana"
2000,"Pike County, Kentucky"
2001,"Pike County, Mississippi"
2002,"Pike County, Missouri"
2003,"Pike County, Ohio"
2004,"Pike County, Pennsylvania"
2005,"Pima County, Arizona"
2006,"Pinal County, Arizona"
2007,"Pine County, Minnesota"
2008,"Pinellas County, Florida"
2009,"Pipestone County, Minnesota"
2010,"Piscataquis County, Maine"
2011,"Pitkin County, Colorado"
2012,"Pitt County, North Carolina"
2013,"Pittsburg County, Oklahoma"
2014,"Pittsylvania County, Virginia"
2015,"Placer County, California"
2016,"Plaquemines County, Louisiana"
2017,"Platte County, Missouri"
2018,"Platte County, Nebraska"
2019,"Platte County, Wyoming"
2020,"Pleasants County, West Virginia"
2021,"Plumas County, California"
2022,"Plymouth County, Iowa"
2023,"Plymouth County, Massachusetts"
2024,"Pocahontas County, Iowa"
2025,"Pocahontas County, West Virginia"
2026,"Poinsett County, Arkansas"
2027,"Pointe Coupee County, Louisiana"
2028,"Polk County, Arkansas"
2029,"Polk County, Florida"
2030,"Polk County, Georgia"
2031,"Polk County, Iowa"
2032,"Polk County, Minnesota"
2033,"Polk County, Missouri"
2034,"Polk County, Nebraska"
2035,"Polk County, North Carolina"
2036,"Polk County, Oregon"
2037,"Polk County, Tennessee"
2038,"Polk County, Texas"
2039,"Polk County, Wisconsin"
2040,"Pondera County, Montana"
2041,"Pontotoc County, Mississippi"
2042,"Pontotoc County, Oklahoma"
2043,"Pope County, Arkansas"
2044,"Pope County, Minnesota"
2045,"Poquoson city, Virginia"
2046,"Portage County, Ohio"
2047,"Portage County, Wisconsin"
2048,"Porter County, Indiana"
2049,"Portsmouth city, Virginia"
2050,"Posey County, Indiana"
2051,"Pottawatomie County, Kansas"
2052,"Pottawatomie County, Oklahoma"
2053,"Pottawattamie County, Iowa"
2054,"Potter County, Pennsylvania"
2055,"Potter County, Texas"
2056,"Powell County, Kentucky"
2057,"Powell County, Montana"
2058,"Power County, Idaho"
2059,"Poweshiek County, Iowa"
2060,"Powhatan County, Virginia"
2061,"Prairie County, Arkansas"
2062,"Pratt County, Kansas"
2063,"Preble County, Ohio"
2064,"Prentiss County, Mississippi"
2065,"Presidio County, Texas"
2066,"Presque Isle County, Michigan"
2067,"Preston County, West Virginia"
2068,"Price County, Wisconsin"
2069,"Prince Edward County, Virginia"
2070,"Prince George County, Virginia"
2071,"Prince William County, Virginia"
2072,"Providence County, Rhode Island"
2073,"Prowers County, Colorado"
2074,"Pueblo County, Colorado"
2075,"Pulaski County, Arkansas"
2076,"Pulaski County, Georgia"
2077,"Pulaski County, Illinois"
2078,"Pulaski County, Indiana"
2079,"Pulaski County, Kentucky"
2080,"Pulaski County, Missouri"
2081,"Pulaski County, Virginia"
2082,"Pushmataha County, Oklahoma"
2083,"Putnam County, Florida"
2084,"Putnam County, Georgia"
2085,"Putnam County, Illinois"
2086,"Putnam County, Indiana"
2087,"Putnam County, Missouri"
2088,"Putnam County, New York"
2089,"Putnam County, Ohio"
2090,"Putnam County, Tennessee"
2091,"Putnam County, West Virginia"
2092,"Quay County, New Mexico"
2093,"Queens County, New York"
2094,"Quitman County, Mississippi"
2095,"Rabun County, Georgia"
2096,"Racine County, Wisconsin"
2097,"Radford city, Virginia"
2098,"Rains County, Texas"
2099,"Raleigh County, West Virginia"
2100,"Ralls County, Missouri"
2101,"Ramsey County, Minnesota"
2102,"Ramsey County, North Dakota"
2103,"Randall County, Texas"
2104,"Randolph County, Alabama"
2105,"Randolph County, Arkansas"
2106,"Randolph County, Georgia"
2107,"Randolph County, Illinois"
2108,"Randolph County, Indiana"
2109,"Randolph County, Missouri"
2110,"Randolph County, North Carolina"
2111,"Randolph County, West Virginia"
2112,"Rankin County, Mississippi"
2113,"Ransom County, North Dakota"
2114,"Rapides County, Louisiana"
2115,"Rappahannock County, Virginia"
2116,"Ravalli County, Montana"
2117,"Ray County, Missouri"
2118,"Reagan County, Texas"
2119,"Red River County, Louisiana"
2120,"Red River County, Texas"
2121,"Red Willow County, Nebraska"
2122,"Redwood County, Minnesota"
2123,"Reeves County, Texas"
2124,"Refugio County, Texas"
2125,"Reno County, Kansas"
2126,"Rensselaer County, New York"
2127,"Renville County, Minnesota"
2128,"Rhea County, Tennessee"
2129,"Rice County, Kansas"
2130,"Rice County, Minnesota"
2131,"Richardson County, Nebraska"
2132,"Richland County, Illinois"
2133,"Richland County, Louisiana"
2134,"Richland County, Montana"
2135,"Richland County, North Dakota"
2136,"Richland County, Ohio"
2137,"Richland County, South Carolina"
2138,"Richland County, Wisconsin"
2139,"Richmond city, Virginia"
2140,"Richmond County, Georgia"
2141,"Richmond County, New York"
2142,"Richmond County, North Carolina"
2143,"Richmond County, Virginia"
2144,"Riley County, Kansas"
2145,"Rio Arriba County, New Mexico"
2146,"Rio Blanco County, Colorado"
2147,"Rio Grande County, Colorado"
2148,"Ripley County, Indiana"
2149,"Ripley County, Missouri"
2150,"Ritchie County, West Virginia"
2151,"Riverside County, California"
2152,"Roane County, Tennessee"
2153,"Roane County, West Virginia"
2154,"Roanoke city, Virginia"
2155,"Roanoke County, Virginia"
2156,"Roberts County, South Dakota"
2157,"Robertson County, Tennessee"
2158,"Robertson County, Texas"
2159,"Robeson County, North Carolina"
2160,"Rock County, Minnesota"
2161,"Rock County, Wisconsin"
2162,"Rock Island County, Illinois"
2163,"Rockbridge County, Virginia"
2164,"Rockcastle County, Kentucky"
2165,"Rockdale County, Georgia"
2166,"Rockingham County, New Hampshire"
2167,"Rockingham County, North Carolina"
2168,"Rockingham County, Virginia"
2169,"Rockland County, New York"
2170,"Rockwall County, Texas"
2171,"Rogers County, Oklahoma"
2172,"Rolette County, North Dakota"
2173,"Roosevelt County, Montana"
2174,"Roosevelt County, New Mexico"
2175,"Roscommon County, Michigan"
2176,"Roseau County, Minnesota"
2177,"Rosebud County, Montana"
2178,"Ross County, Ohio"
2179,"Routt County, Colorado"
2180,"Rowan County, Kentucky"
2181,"Rowan County, North Carolina"
2182,"Runnels County, Texas"
2183,"Rush County, Indiana"
2184,"Rusk County, Texas"
2185,"Rusk County, Wisconsin"
2186,"Russell County, Alabama"
2187,"Russell County, Kansas"
2188,"Russell County, Kentucky"
2189,"Russell County, Virginia"
2190,"Rutherford County, North Carolina"
2191,"Rutherford County, Tennessee"
2192,"Rutland County, Vermont"
2193,"Sabine County, Louisiana"
2194,"Sabine County, Texas"
2195,"Sac County, Iowa"
2196,"Sacramento County, California"
2197,"Sagadahoc County, Maine"
2198,"Saginaw County, Michigan"
2199,"Saguache County, Colorado"
2200,"Salem city, Virginia"
2201,"Salem County, New Jersey"
2202,"Saline County, Arkansas"
2203,"Saline County, Illinois"
2204,"Saline County, Kansas"
2205,"Saline County, Missouri"
2206,"Saline County, Nebraska"
2207,"Salt Lake County, Utah"
2208,"Saluda County, South Carolina"
2209,"Sampson County, North Carolina"
2210,"San Augustine County, Texas"
2211,"San Benito County, California"
2212,"San Bernardino County, California"
2213,"San Diego County, California"
2214,"San Francisco County, California"
2215,"San Jacinto County, Texas"
2216,"San Joaquin County, California"
2217,"San Juan County, New Mexico"
2218,"San Juan County, Utah"
2219,"San Juan County, Washington"
2220,"San Luis Obispo County, California"
2221,"San Mateo County, California"
2222,"San Miguel County, Colorado"
2223,"San Miguel County, New Mexico"
2224,"San Patricio County, Texas"
2225,"San Saba County, Texas"
2226,"Sanders County, Montana"
2227,"Sandoval County, New Mexico"
2228,"Sandusky County, Ohio"
2229,"Sangamon County, Illinois"
2230,"Sanilac County, Michigan"
2231,"Sanpete County, Utah"
2232,"Santa Barbara County, California"
2233,"Santa Clara County, California"
2234,"Santa Cruz County, Arizona"
2235,"Santa Cruz County, California"
2236,"Santa Fe County, New Mexico"
2237,"Santa Rosa County, Florida"
2238,"Sarasota County, Florida"
2239,"Saratoga County, New York"
2240,"Sarpy County, Nebraska"
2241,"Sauk County, Wisconsin"
2242,"Saunders County, Nebraska"
2243,"Sawyer County, Wisconsin"
2244,"Schenectady County, New York"
2245,"Schley County, Georgia"
2246,"Schoharie County, New York"
2247,"Schoolcraft County, Michigan"
2248,"Schuyler County, Illinois"
2249,"Schuyler County, New York"
2250,"Schuylkill County, Pennsylvania"
2251,"Scioto County, Ohio"
2252,"Scotland County, North Carolina"
2253,"Scott County, Arkansas"
2254,"Scott County, Indiana"
2255,"Scott County, Iowa"
2256,"Scott County, Kansas"
2257,"Scott County, Kentucky"
2258,"Scott County, Minnesota"
2259,"Scott County, Mississippi"
2260,"Scott County, Missouri"
2261,"Scott County, Tennessee"
2262,"Scott County, Virginia"
2263,"Scotts Bluff County, Nebraska"
2264,"Screven County, Georgia"
2265,"Scurry County, Texas"
2266,"Searcy County, Arkansas"
2267,"Sebastian County, Arkansas"
2268,"Sedgwick County, Kansas"
2269,"Seminole County, Florida"
2270,"Seminole County, Georgia"
2271,"Seminole County, Oklahoma"
2272,"Seneca County, New York"
2273,"Seneca County, Ohio"
2274,"Sequatchie County, Tennessee"
2275,"Sequoyah County, Oklahoma"
2276,"Sevier County, Arkansas"
2277,"Sevier County, Tennessee"
2278,"Sevier County, Utah"
2279,"Seward County, Kansas"
2280,"Seward County, Nebraska"
2281,"Shannon County, Missouri"
2282,"Shannon County, South Dakota"
2283,"Sharp County, Arkansas"
2284,"Shasta County, California"
2285,"Shawano County, Wisconsin"
2286,"Shawnee County, Kansas"
2287,"Sheboygan County, Wisconsin"
2288,"Shelby County, Alabama"
2289,"Shelby County, Illinois"
2290,"Shelby County, Indiana"
2291,"Shelby County, Iowa"
2292,"Shelby County, Kentucky"
2293,"Shelby County, Missouri"
2294,"Shelby County, Ohio"
2295,"Shelby County, Tennessee"
2296,"Shelby County, Texas"
2297,"Shenandoah County, Virginia"
2298,"Sherburne County, Minnesota"
2299,"Sheridan County, Wyoming"
2300,"Sherman County, Kansas"
2301,"Sherman County, Oregon"
2302,"Sherman County, Texas"
2303,"Shiawassee County, Michigan"
2304,"Shoshone County, Idaho"
2305,"Sibley County, Minnesota"
2306,"Sierra County, New Mexico"
2307,"Silver Bow County, Montana"
2308,"Simpson County, Kentucky"
2309,"Simpson County, Mississippi"
2310,"Sioux County, Iowa"
2311,"Siskiyou County, California"
2312,"Skagit County, Washington"
2313,"Skamania County, Washington"
2314,"Smith County, Mississippi"
2315,"Smith County, Tennessee"
2316,"Smith County, Texas"
2317,"Smyth County, Virginia"
2318,"Snohomish County, Washington"
2319,"Snyder County, Pennsylvania"
2320,"Socorro County, New Mexico"
2321,"Solano County, California"
2322,"Somerset County, Maine"
2323,"Somerset County, Maryland"
2324,"Somerset County, New Jersey"
2325,"Somerset County, Pennsylvania"
2326,"Somervell County, Texas"
2327,"Sonoma County, California"
2328,"Southampton County, Virginia"
2329,"Spalding County, Georgia"
2330,"Spartanburg County, South Carolina"
2331,"Spencer County, Indiana"
2332,"Spencer County, Kentucky"
2333,"Spink County, South Dakota"
2334,"Spokane County, Washington"
2335,"Spotsylvania County, Virginia"
2336,"St. Charles County, Missouri"
2337,"St. Clair County, Alabama"
2338,"St. Clair County, Illinois"
2339,"St. Clair County, Michigan"
2340,"St. Clair County, Missouri"
2341,"St. Croix County, Wisconsin"
2342,"St. Francis County, Arkansas"
2343,"St. Francois County, Missouri"
2344,"St. Johns County, Florida"
2345,"St. Joseph County, Indiana"
2346,"St. Joseph County, Michigan"
2347,"St. Lawrence County, New York"
2348,"St. Louis County, Minnesota"
2349,"St. Louis County, Missouri"
2350,"St. Lucie County, Florida"
2351,"Stafford County, Virginia"
2352,"Stanislaus County, California"
2353,"Stanly County, North Carolina"
2354,"Stanton County, Nebraska"
2355,"Stark County, Illinois"
2356,"Stark County, North Dakota"
2357,"Stark County, Ohio"
2358,"Starke County, Indiana"
2359,"Starr County, Texas"
2360,"Staunton city, Virginia"
2361,"Ste. Genevieve County, Missouri"
2362,"Stearns County, Minnesota"
2363,"Steele County, Minnesota"
2364,"Stephens County, Georgia"
2365,"Stephens County, Oklahoma"
2366,"Stephens County, Texas"
2367,"Stephenson County, Illinois"
2368,"Steuben County, Indiana"
2369,"Steuben County, New York"
2370,"Stevens County, Kansas"
2371,"Stevens County, Minnesota"
2372,"Stevens County, Washington"
2373,"Stewart County, Tennessee"
2374,"Stillwater County, Montana"
2375,"Stoddard County, Missouri"
2376,"Stokes County, North Carolina"
2377,"Stone County, Arkansas"
2378,"Stone County, Mississippi"
2379,"Stone County, Missouri"
2380,"Storey County, Nevada"
2381,"Story County, Iowa"
2382,"Strafford County, New Hampshire"
2383,"Stutsman County, North Dakota"
2384,"Sublette County, Wyoming"
2385,"Suffolk city, Virginia"
2386,"Suffolk County, Massachusetts"
2387,"Suffolk County, New York"
2388,"Sullivan County, Indiana"
2389,"Sullivan County, Missouri"
2390,"Sullivan County, New Hampshire"
2391,"Sullivan County, New York"
2392,"Sullivan County, Pennsylvania"
2393,"Sullivan County, Tennessee"
2394,"Summers County, West Virginia"
2395,"Summit County, Colorado"
2396,"Summit County, Ohio"
2397,"Summit County, Utah"
2398,"Sumner County, Kansas"
2399,"Sumner County, Tennessee"
2400,"Sumter County, Alabama"
2401,"Sumter County, Florida"
2402,"Sumter County, Georgia"
2403,"Sumter County, South Carolina"
2404,"Sunflower County, Mississippi"
2405,"Surry County, North Carolina"
2406,"Surry County, Virginia"
2407,"Susquehanna County, Pennsylvania"
2408,"Sussex County, Delaware"
2409,"Sussex County, New Jersey"
2410,"Sussex County, Virginia"
2411,"Sutter County, California"
2412,"Sutton County, Texas"
2413,"Suwannee County, Florida"
2414,"Swain County, North Carolina"
2415,"Sweetwater County, Wyoming"
2416,"Swift County, Minnesota"
2417,"Swisher County, Texas"
2418,"Switzerland County, Indiana"
2419,"Talbot County, Georgia"
2420,"Talbot County, Maryland"
2421,"Talladega County, Alabama"
2422,"Tallahatchie County, Mississippi"
2423,"Tallapoosa County, Alabama"
2424,"Tama County, Iowa"
2425,"Taney County, Missouri"
2426,"Tangipahoa County, Louisiana"
2427,"Taos County, New Mexico"
2428,"Tarrant County, Texas"
2429,"Tate County, Mississippi"
2430,"Tattnall County, Georgia"
2431,"Taylor County, Florida"
2432,"Taylor County, Georgia"
2433,"Taylor County, Iowa"
2434,"Taylor County, Kentucky"
2435,"Taylor County, Texas"
2436,"Taylor County, West Virginia"
2437,"Taylor County, Wisconsin"
2438,"Tazewell County, Illinois"
2439,"Tazewell County, Virginia"
2440,"Tehama County, California"
2441,"Telfair County, Georgia"
2442,"Teller County, Colorado"
2443,"Terrebonne County, Louisiana"
2444,"Terrell County, Georgia"
2445,"Terry County, Texas"
2446,"Teton County, Idaho"
2447,"Teton County, Montana"
2448,"Teton County, Wyoming"
2449,"Texas County, Missouri"
2450,"Texas County, Oklahoma"
2451,"Thayer County, Nebraska"
2452,"Thomas County, Georgia"
2453,"Thomas County, Kansas"
2454,"Thurston County, Nebraska"
2455,"Thurston County, Washington"
2456,"Tift County, Georgia"
2457,"Tillamook County, Oregon"
2458,"Tillman County, Oklahoma"
2459,"Tioga County, New York"
2460,"Tioga County, Pennsylvania"
2461,"Tippah County, Mississippi"
2462,"Tippecanoe County, Indiana"
2463,"Tipton County, Indiana"
2464,"Tipton County, Tennessee"
2465,"Tishomingo County, Mississippi"
2466,"Titus County, Texas"
2467,"Todd County, Kentucky"
2468,"Todd County, Minnesota"
2469,"Todd County, South Dakota"
2470,"Tolland County, Connecticut"
2471,"Tom Green County, Texas"
2472,"Tompkins County, New York"
2473,"Tooele County, Utah"
2474,"Toombs County, Georgia"
2475,"Torrance County, New Mexico"
2476,"Towns County, Georgia"
2477,"Traill County, North Dakota"
2478,"Transylvania County, North Carolina"
2479,"Travis County, Texas"
2480,"Trego County, Kansas"
2481,"Trempealeau County, Wisconsin"
2482,"Treutlen County, Georgia"
2483,"Trigg County, Kentucky"
2484,"Trimble County, Kentucky"
2485,"Trinity County, California"
2486,"Trinity County, Texas"
2487,"Tripp County, South Dakota"
2488,"Troup County, Georgia"
2489,"Trousdale County, Tennessee"
2490,"Trumbull County, Ohio"
2491,"Tucker County, West Virginia"
2492,"Tulare County, California"
2493,"Tulsa County, Oklahoma"
2494,"Tunica County, Mississippi"
2495,"Tuolumne County, California"
2496,"Turner County, Georgia"
2497,"Turner County, South Dakota"
2498,"Tuscaloosa County, Alabama"
2499,"Tuscarawas County, Ohio"
2500,"Tuscola County, Michigan"
2501,"Twiggs County, Georgia"
2502,"Twin Falls County, Idaho"
2503,"Tyler County, Texas"
2504,"Tyler County, West Virginia"
2505,"Uinta County, Wyoming"
2506,"Uintah County, Utah"
2507,"Ulster County, New York"
2508,"Umatilla County, Oregon"
2509,"Unicoi County, Tennessee"
2510,"Union County, Arkansas"
2511,"Union County, Florida"
2512,"Union County, Georgia"
2513,"Union County, Illinois"
2514,"Union County, Indiana"
2515,"Union County, Iowa"
2516,"Union County, Kentucky"
2517,"Union County, Louisiana"
2518,"Union County, Mississippi"
2519,"Union County, New Jersey"
2520,"Union County, New Mexico"
2521,"Union County, North Carolina"
2522,"Union County, Ohio"
2523,"Union County, Oregon"
2524,"Union County, Pennsylvania"
2525,"Union County, South Carolina"
2526,"Union County, South Dakota"
2527,"Union County, Tennessee"
2528,"Upshur County, Texas"
2529,"Upshur County, West Virginia"
2530,"Upson County, Georgia"
2531,"Upton County, Texas"
2532,"Utah County, Utah"
2533,"Uvalde County, Texas"
2534,"Val Verde County, Texas"
2535,"Valencia County, New Mexico"
2536,"Valley County, Idaho"
2537,"Valley County, Montana"
2538,"Van Buren County, Arkansas"
2539,"Van Buren County, Iowa"
2540,"Van Buren County, Michigan"
2541,"Van Buren County, Tennessee"
2542,"Van Wert County, Ohio"
2543,"Van Zandt County, Texas"
2544,"Vance County, North Carolina"
2545,"Vanderburgh County, Indiana"
2546,"Venango County, Pennsylvania"
2547,"Ventura County, California"
2548,"Vermilion County, Illinois"
2549,"Vermilion County, Louisiana"
2550,"Vermillion County, Indiana"
2551,"Vernon County, Louisiana"
2552,"Vernon County, Missouri"
2553,"Vernon County, Wisconsin"
2554,"Victoria County, Texas"
2555,"Vigo County, Indiana"
2556,"Vilas County, Wisconsin"
2557,"Vinton County, Ohio"
2558,"Virginia Beach city, Virginia"
2559,"Volusia County, Florida"
2560,"Wabash County, Illinois"
2561,"Wabash County, Indiana"
2562,"Wabasha County, Minnesota"
2563,"Wabaunsee County, Kansas"
2564,"Wadena County, Minnesota"
2565,"Wagoner County, Oklahoma"
2566,"Wake County, North Carolina"
2567,"Wakulla County, Florida"
2568,"Waldo County, Maine"
2569,"Walker County, Alabama"
2570,"Walker County, Georgia"
2571,"Walker County, Texas"
2572,"Walla Walla County, Washington"
2573,"Waller County, Texas"
2574,"Wallowa County, Oregon"
2575,"Walsh County, North Dakota"
2576,"Walthall County, Mississippi"
2577,"Walton County, Florida"
2578,"Walton County, Georgia"
2579,"Walworth County, South Dakota"
2580,"Walworth County, Wisconsin"
2581,"Wapello County, Iowa"
2582,"Ward County, North Dakota"
2583,"Ward County, Texas"
2584,"Ware County, Georgia"
2585,"Warren County, Georgia"
2586,"Warren County, Illinois"
2587,"Warren County, Indiana"
2588,"Warren County, Iowa"
2589,"Warren County, Kentucky"
2590,"Warren County, Mississippi"
2591,"Warren County, Missouri"
2592,"Warren County, New Jersey"
2593,"Warren County, New York"
2594,"Warren County, North Carolina"
2595,"Warren County, Ohio"
2596,"Warren County, Pennsylvania"
2597,"Warren County, Tennessee"
2598,"Warren County, Virginia"
2599,"Warrick County, Indiana"
2600,"Wasatch County, Utah"
2601,"Wasco County, Oregon"
2602,"Waseca County, Minnesota"
2603,"Washakie County, Wyoming"
2604,"Washburn County, Wisconsin"
2605,"Washington County, Alabama"
2606,"Washington County, Arkansas"
2607,"Washington County, Florida"
2608,"Washington County, Georgia"
2609,"Washington County, Idaho"
2610,"Washington County, Illinois"
2611,"Washington County, Indiana"
2612,"Washington County, Iowa"
2613,"Washington County, Kansas"
2614,"Washington County, Kentucky"
2615,"Washington County, Louisiana"
2616,"Washington County, Maine"
2617,"Washington County, Maryland"
2618,"Washington County, Minnesota"
2619,"Washington County, Mississippi"
2620,"Washington County, Missouri"
2621,"Washington County, Nebraska"
2622,"Washington County, New York"
2623,"Washington County, North Carolina"
2624,"Washington County, Ohio"
2625,"Washington County, Oklahoma"
2626,"Washington County, Oregon"
2627,"Washington County, Pennsylvania"
2628,"Washington County, Rhode Island"
2629,"Washington County, Tennessee"
2630,"Washington County, Texas"
2631,"Washington County, Utah"
2632,"Washington County, Vermont"
2633,"Washington County, Virginia"
2634,"Washington County, Wisconsin"
2635,"Washita County, Oklahoma"
2636,"Washoe County, Nevada"
2637,"Washtenaw County, Michigan"
2638,"Watauga County, North Carolina"
2639,"Watonwan County, Minnesota"
2640,"Waukesha County, Wisconsin"
2641,"Waupaca County, Wisconsin"
2642,"Waushara County, Wisconsin"
2643,"Wayne County, Georgia"
2644,"Wayne County, Illinois"
2645,"Wayne County, Indiana"
2646,"Wayne County, Iowa"
2647,"Wayne County, Kentucky"
2648,"Wayne County, Michigan"
2649,"Wayne County, Mississippi"
2650,"Wayne County, Missouri"
2651,"Wayne County, Nebraska"
2652,"Wayne County, New York"
2653,"Wayne County, North Carolina"
2654,"Wayne County, Ohio"
2655,"Wayne County, Pennsylvania"
2656,"Wayne County, Tennessee"
2657,"Wayne County, West Virginia"
2658,"Waynesboro city, Virginia"
2659,"Weakley County, Tennessee"
2660,"Webb County, Texas"
2661,"Weber County, Utah"
2662,"Webster County, Iowa"
2663,"Webster County, Kentucky"
2664,"Webster County, Louisiana"
2665,"Webster County, Mississippi"
2666,"Webster County, Missouri"
2667,"Webster County, West Virginia"
2668,"Weld County, Colorado"
2669,"Wells County, Indiana"
2670,"West Baton Rouge County, Louisiana"
2671,"West Carroll County, Louisiana"
2672,"West Feliciana County, Louisiana"
2673,"Westchester County, New York"
2674,"Westmoreland County, Pennsylvania"
2675,"Westmoreland County, Virginia"
2676,"Weston County, Wyoming"
2677,"Wetzel County, West Virginia"
2678,"Wexford County, Michigan"
2679,"Wharton County, Texas"
2680,"Whatcom County, Washington"
2681,"Wheeler County, Texas"
2682,"White County, Arkansas"
2683,"White County, Georgia"
2684,"White County, Illinois"
2685,"White County, Indiana"
2686,"White County, Tennessee"
2687,"White Pine County, Nevada"
2688,"Whiteside County, Illinois"
2689,"Whitfield County, Georgia"
2690,"Whitley County, Indiana"
2691,"Whitley County, Kentucky"
2692,"Whitman County, Washington"
2693,"Wichita County, Texas"
2694,"Wicomico County, Maryland"
2695,"Wilbarger County, Texas"
2696,"Wilcox County, Alabama"
2697,"Wilcox County, Georgia"
2698,"Wilkes County, Georgia"
2699,"Wilkes County, North Carolina"
2700,"Wilkin County, Minnesota"
2701,"Wilkinson County, Georgia"
2702,"Wilkinson County, Mississippi"
2703,"Will County, Illinois"
2704,"Willacy County, Texas"
2705,"Williams County, North Dakota"
2706,"Williams County, Ohio"
2707,"Williamsburg city, Virginia"
2708,"Williamsburg County, South Carolina"
2709,"Williamson County, Illinois"
2710,"Williamson County, Tennessee"
2711,"Williamson County, Texas"
2712,"Wilson County, Kansas"
2713,"Wilson County, North Carolina"
2714,"Wilson County, Tennessee"
2715,"Wilson County, Texas"
2716,"Winchester city, Virginia"
2717,"Windham County, Connecticut"
2718,"Windham County, Vermont"
2719,"Windsor County, Vermont"
2720,"Winkler County, Texas"
2721,"Winn County, Louisiana"
2722,"Winnebago County, Illinois"
2723,"Winnebago County, Iowa"
2724,"Winnebago County, Wisconsin"
2725,"Winneshiek County, Iowa"
2726,"Winona County, Minnesota"
2727,"Winston County, Alabama"
2728,"Winston County, Mississippi"
2729,"Wise County, Texas"
2730,"Wise County, Virginia"
2731,"Wood County, Ohio"
2732,"Wood County, Texas"
2733,"Wood County, West Virginia"
2734,"Wood County, Wisconsin"
2735,"Woodbury County, Iowa"
2736,"Woodford County, Illinois"
2737,"Woodford County, Kentucky"
2738,"Woods County, Oklahoma"
2739,"Woodward County, Oklahoma"
2740,"Worcester County, Maryland"
2741,"Worcester County, Massachusetts"
2742,"Worth County, Georgia"
2743,"Worth County, Iowa"
2744,"Wright County, Iowa"
2745,"Wright County, Minnesota"
2746,"Wright County, Missouri"
2747,"Wyandot County, Ohio"
2748,"Wyandotte County, Kansas"
2749,"Wyoming County, New York"
2750,"Wyoming County, Pennsylvania"
2751,"Wyoming County, West Virginia"
2752,"Wythe County, Virginia"
2753,"Yadkin County, North Carolina"
2754,"Yakima County, Washington"
2755,"Yalobusha County, Mississippi"
2756,"Yamhill County, Oregon"
2757,"Yancey County, North Carolina"
2758,"Yankton County, South Dakota"
2759,"Yates County, New York"
2760,"Yavapai County, Arizona"
2761,"Yazoo County, Mississippi"
2762,"Yell County, Arkansas"
2763,"Yellow Medicine County, Minnesota"
2764,"Yellowstone County, Montana"
2765,"Yoakum County, Texas"
2766,"Yolo County, California"
2767,"York County, Maine"
2768,"York County, Nebraska"
2769,"York County, Pennsylvania"
2770,"York County, South Carolina"
2771,"York County, Virginia"
2772,"Young County, Texas"
2773,"Yuba County, California"
2774,"Yuma County, Arizona"
2775,"Yuma County, Colorado"
2776,"Zapata County, Texas"
2777,"Zavala County, Texas"